feature,bin_name,from,to,ref_cnt,ref_frac,tgt_cnt,tgt_frac,ratio
gas_price_log_to_median_ratio,bin0,,-0.710904204314307,39106,0.07565779291131404,31,0.01855176540993417,0.24520627282480373
gas_price_log_to_median_ratio,bin1,-0.710904204314307,-0.2067224024294201,106639,0.2063128772635815,139,0.0831837223219629,0.4031921003926911
gas_price_log_to_median_ratio,bin2,-0.2067224024294201,0.24344961807793902,247469,0.4787745704999226,436,0.26092160383004187,0.5449779915370089
gas_price_log_to_median_ratio,bin3,0.24344961807793902,0.8466098077338075,95261,0.18430003095496053,461,0.27588270496708556,1.4969216420506521
gas_price_log_to_median_ratio,bin4,0.8466098077338075,,28405,0.05495472837022133,604,0.36146020347097546,6.5774177070965605
gas_price_log_to_median_ratio,nan,,,0,0.0,0,0.0,1.0
gas_limit_log_to_median_ratio,bin0,,-0.9956708902065327,23300,0.04507816127534437,71,0.04248952722920407,0.9425745422416739
gas_limit_log_to_median_ratio,bin1,-0.9956708902065327,-0.2853326430864458,52898,0.10234096889026466,104,0.06223818073010173,0.6081453146768306
gas_limit_log_to_median_ratio,bin2,-0.2853326430864458,0.3979274617415714,345850,0.669110818758706,1120,0.6702573309395572,1.0017134862398103
gas_limit_log_to_median_ratio,bin3,0.3979274617415714,1.0883721066114547,60612,0.11726512923696022,243,0.14542190305206462,1.240112077633986
gas_limit_log_to_median_ratio,bin4,1.0883721066114547,,34220,0.06620492183872466,133,0.07959305804907241,1.202222672250279
gas_limit_log_to_median_ratio,nan,,,0,0.0,0,0.0,1.0
gas_used_log_to_median_ratio,bin0,,-0.5137057864439037,59180,0.11449466026930816,174,0.10412926391382406,0.909468298948587
gas_used_log_to_median_ratio,bin1,-0.5137057864439037,-0.10992526224966787,62755,0.12141115926327194,280,0.1675643327348893,1.3801394678353849
gas_used_log_to_median_ratio,bin2,-0.10992526224966787,0.23116069293071306,263740,0.5102538306763659,788,0.471573907839617,0.9241947428685116
gas_used_log_to_median_ratio,bin3,0.23116069293071306,0.7401082811595361,63235,0.1223398080792447,338,0.20227408737283065,1.6533791457463225
gas_used_log_to_median_ratio,bin4,0.7401082811595361,,67970,0.1315005417118093,91,0.054458408138839016,0.4141306752803165
gas_used_log_to_median_ratio,nan,,,0,0.0,0,0.0,1.0
snd_rcv_tkn_type_cnt_tx_min_log_to_median_ratio,bin0,,-0.3912335441177859,37916,0.0733555177217149,244,0.14602034709754638,1.9905843709193949
snd_rcv_tkn_type_cnt_tx_min_log_to_median_ratio,bin1,-0.3912335441177859,0.3786733831855694,384272,0.743445287107259,320,0.19150209455415917,0.2575873408240876
snd_rcv_tkn_type_cnt_tx_min_log_to_median_ratio,bin2,0.3786733831855694,1.2235977159446816,53314,0.10314579786410773,202,0.12088569718731298,1.1719885801511485
snd_rcv_tkn_type_cnt_tx_min_log_to_median_ratio,bin3,1.2235977159446816,2.179128180118229,19048,0.036851880513852346,78,0.0466786355475763,1.2666554568370032
snd_rcv_tkn_type_cnt_tx_min_log_to_median_ratio,bin4,2.179128180118229,,22330,0.04320151679306609,827,0.49491322561340517,11.455922438650106
snd_rcv_tkn_type_cnt_tx_min_log_to_median_ratio,nan,,,0,0.0,0,0.0,1.0
snd_rcv_tkn_type_cnt_tx_max_log_to_median_ratio,bin0,,-0.392036524528634,37749,0.07303242532115771,259,0.1549970077797726,2.122303991660941
snd_rcv_tkn_type_cnt_tx_max_log_to_median_ratio,bin1,-0.392036524528634,0.3777736124907314,383975,0.7428706856523758,313,0.18731298623578696,0.2521475000339959
snd_rcv_tkn_type_cnt_tx_max_log_to_median_ratio,bin2,0.3777736124907314,1.2387126492875913,53850,0.10418278904194397,194,0.11609814482345901,1.1143697139526367
snd_rcv_tkn_type_cnt_tx_max_log_to_median_ratio,bin3,1.2387126492875913,2.217638125283798,20255,0.03918704534901718,84,0.05026929982046679,1.2828040331376387
snd_rcv_tkn_type_cnt_tx_max_log_to_median_ratio,bin4,2.217638125283798,,21051,0.04072705463550534,821,0.49132256134051466,12.063788205105944
snd_rcv_tkn_type_cnt_tx_max_log_to_median_ratio,nan,,,0,0.0,0,0.0,1.0
snd_rcv_tkn_type_cnt_tx_median_log_to_median_ratio,bin0,,-0.3848249639966552,37802,0.07313496362792138,244,0.14602034709754638,1.9965874029887247
snd_rcv_tkn_type_cnt_tx_median_log_to_median_ratio,bin1,-0.3848249639966552,0.37213134132920433,383650,0.742241913016561,321,0.19210053859964094,0.2588112247918217
snd_rcv_tkn_type_cnt_tx_median_log_to_median_ratio,bin2,0.37213134132920433,1.2340081936289473,54218,0.10489475313418975,199,0.11909036505086774,1.1353319541018208
snd_rcv_tkn_type_cnt_tx_median_log_to_median_ratio,bin3,1.2340081936289473,2.2191137829818848,20220,0.0391193313728525,89,0.05326152004787552,1.3615140693543966
snd_rcv_tkn_type_cnt_tx_median_log_to_median_ratio,bin4,2.2191137829818848,,20990,0.04060903884847547,818,0.48952722920406944,12.054637171557856
snd_rcv_tkn_type_cnt_tx_median_log_to_median_ratio,nan,,,0,0.0,0,0.0,1.0
snd_rcv_tkn_type_cnt_tx_mean_log_to_median_ratio,bin0,,-0.38453349763916816,37519,0.0725874477635041,244,0.14602034709754638,2.0116473522156713
snd_rcv_tkn_type_cnt_tx_mean_log_to_median_ratio,bin1,-0.38453349763916816,0.3715753749886452,384003,0.7429248568333076,322,0.19269898264512267,0.2593788333674763
snd_rcv_tkn_type_cnt_tx_mean_log_to_median_ratio,bin2,0.3715753749886452,1.2335199526357803,54147,0.10475739049682711,200,0.11968880909634949,1.142533319403127
snd_rcv_tkn_type_cnt_tx_mean_log_to_median_ratio,bin3,1.2335199526357803,2.218966757685605,20231,0.03914061290821854,84,0.05026929982046679,1.2843258213238533
snd_rcv_tkn_type_cnt_tx_mean_log_to_median_ratio,bin4,2.218966757685605,,20980,0.040589691998142705,821,0.49132256134051466,12.104614180442574
snd_rcv_tkn_type_cnt_tx_mean_log_to_median_ratio,nan,,,0,0.0,0,0.0,1.0
snd_rcv_tkn_type_cnt_tx_std_log_to_median_ratio,bin0,,-0.27199279991882896,2188,0.004233090852809163,6,0.003590664272890485,0.8482369969705822
snd_rcv_tkn_type_cnt_tx_std_log_to_median_ratio,bin1,-0.27199279991882896,-0.09775047435983922,333,0.0006442501160811019,0,0.0,0.0
snd_rcv_tkn_type_cnt_tx_std_log_to_median_ratio,bin2,-0.09775047435983922,0.17253543878955338,31585,0.06110702677604086,83,0.04967085577498504,0.8128501482657676
snd_rcv_tkn_type_cnt_tx_std_log_to_median_ratio,bin3,0.17253543878955338,0.4465158592579028,1228,0.0023757932208636435,1,0.0005984440454817474,0.25189231126107947
snd_rcv_tkn_type_cnt_tx_std_log_to_median_ratio,bin4,0.4465158592579028,,393,0.0007603312180776969,7,0.004189108318372232,5.5095834798988275
snd_rcv_tkn_type_cnt_tx_std_log_to_median_ratio,nan,,,481153,0.9308795078161275,1574,0.9419509275882705,1.01189350466863
snd_rcv_tkn_type_cnt_tx_sum_log_to_median_ratio,bin0,,-0.3926628647231994,40097,0.07757506577929113,266,0.15918611609814481,2.0520268271643536
snd_rcv_tkn_type_cnt_tx_sum_log_to_median_ratio,bin1,-0.3926628647231994,0.36515337528251735,374543,0.724622736418511,232,0.13883901855176542,0.19160179714755451
snd_rcv_tkn_type_cnt_tx_sum_log_to_median_ratio,bin2,0.36515337528251735,1.2250425253518764,60783,0.11759596037765052,251,0.15020945541591862,1.2773351646904565
snd_rcv_tkn_type_cnt_tx_sum_log_to_median_ratio,bin3,1.2250425253518764,2.220895028952082,20463,0.03958945983593871,87,0.05206463195691203,1.3151134714308113
snd_rcv_tkn_type_cnt_tx_sum_log_to_median_ratio,bin4,2.220895028952082,,20994,0.04061677758860857,835,0.49970077797725915,12.302816905824795
snd_rcv_tkn_type_cnt_tx_sum_log_to_median_ratio,nan,,,0,0.0,0,0.0,1.0
snd_rcv_tx_cnt_tx_min_log_to_median_ratio,bin0,,-2.2051875834255736,25861,0.0500328896455657,327,0.19569120287253142,3.9112512640947386
snd_rcv_tx_cnt_tx_min_log_to_median_ratio,bin1,-2.2051875834255736,-0.4206250730046681,66256,0.12818449156477327,94,0.056253740275284264,0.43884981395630474
snd_rcv_tx_cnt_tx_min_log_to_median_ratio,bin2,-0.4206250730046681,0.8882679436644826,280509,0.5426965639993809,214,0.12806702573309395,0.23598274658182658
snd_rcv_tx_cnt_tx_min_log_to_median_ratio,bin3,0.8882679436644826,2.646868355765358,98339,0.19025499148738587,194,0.11609814482345901,0.6102239101104291
snd_rcv_tx_cnt_tx_min_log_to_median_ratio,bin4,2.646868355765358,,45915,0.0888310633028943,842,0.5038898862956314,5.672451365098245
snd_rcv_tx_cnt_tx_min_log_to_median_ratio,nan,,,0,0.0,0,0.0,1.0
snd_rcv_tx_cnt_tx_max_log_to_median_ratio,bin0,,-2.2087642569322536,23834,0.04611128308311407,284,0.1699581089168163,3.6858247602972227
snd_rcv_tx_cnt_tx_max_log_to_median_ratio,bin1,-2.2087642569322536,-0.4803383161468739,66034,0.12775499148738587,94,0.056253740275284264,0.4403251851090185
snd_rcv_tx_cnt_tx_max_log_to_median_ratio,bin2,-0.4803383161468739,0.5551192761167537,219366,0.42440411700975084,181,0.10831837223219629,0.2552246028982505
snd_rcv_tx_cnt_tx_max_log_to_median_ratio,bin3,0.5551192761167537,2.176871019945777,151183,0.29249148738585357,228,0.13644524236983843,0.4664930374190358
snd_rcv_tx_cnt_tx_max_log_to_median_ratio,bin4,2.176871019945777,,56463,0.10923812103389569,884,0.5290245362058648,4.842856424102286
snd_rcv_tx_cnt_tx_max_log_to_median_ratio,nan,,,0,0.0,0,0.0,1.0
snd_rcv_tx_cnt_tx_median_log_to_median_ratio,bin0,,-2.1524913259100793,24147,0.04671683949852964,279,0.16696588868940754,3.5739979519518355
snd_rcv_tx_cnt_tx_median_log_to_median_ratio,bin1,-2.1524913259100793,-0.47362615473160363,64213,0.1242319300417892,103,0.061639736684619986,0.496166618870733
snd_rcv_tx_cnt_tx_median_log_to_median_ratio,bin2,-0.47362615473160363,0.5519134035487556,218520,0.4227673734715988,179,0.10712148414123279,0.25338162512777046
snd_rcv_tx_cnt_tx_median_log_to_median_ratio,bin3,0.5519134035487556,2.175246866767404,153832,0.29761646803900327,214,0.12806702573309395,0.4303089361181132
snd_rcv_tx_cnt_tx_median_log_to_median_ratio,bin4,2.175246866767404,,56168,0.1086673889490791,896,0.5362058647516457,4.934377000655722
snd_rcv_tx_cnt_tx_median_log_to_median_ratio,nan,,,0,0.0,0,0.0,1.0
snd_rcv_tx_cnt_tx_mean_log_to_median_ratio,bin0,,-1.3658593086996138,38395,0.07428223185265438,338,0.20227408737283065,2.723048060457578
snd_rcv_tx_cnt_tx_mean_log_to_median_ratio,bin1,-1.3658593086996138,0.32141616267161366,254259,0.4919110818758706,191,0.11430281268701377,0.23236478481258746
snd_rcv_tx_cnt_tx_mean_log_to_median_ratio,bin2,0.32141616267161366,1.3765529264150402,126121,0.24400441108187587,164,0.09814482345900659,0.40222561151189196
snd_rcv_tx_cnt_tx_mean_log_to_median_ratio,bin3,1.3765529264150402,2.8673163934628323,62794,0.12148661197956973,179,0.10712148414123279,0.8817554658553429
snd_rcv_tx_cnt_tx_mean_log_to_median_ratio,bin4,2.8673163934628323,,35311,0.06831566321002941,799,0.4781567923399162,6.999226383411851
snd_rcv_tx_cnt_tx_mean_log_to_median_ratio,nan,,,0,0.0,0,0.0,1.0
snd_rcv_tx_cnt_tx_std_log_to_median_ratio,bin0,,-0.3184301457835591,1036,0.0020043336944745396,4,0.0023937761819269898,1.1943002248208712
snd_rcv_tx_cnt_tx_std_log_to_median_ratio,bin1,-0.3184301457835591,0.2980365201509183,7625,0.014751973378733942,70,0.041891083183722325,2.839693518164249
snd_rcv_tx_cnt_tx_std_log_to_median_ratio,bin2,0.2980365201509183,0.6528755491530618,8949,0.017313496362792138,17,0.010173548773189706,0.5876079885893726
snd_rcv_tx_cnt_tx_std_log_to_median_ratio,bin3,0.6528755491530618,1.15505850753846,17450,0.033760253830676365,0,0.0,0.0
snd_rcv_tx_cnt_tx_std_log_to_median_ratio,bin4,1.15505850753846,,667,0.0012904349171954806,6,0.003590664272890485,2.782522562776063
snd_rcv_tx_cnt_tx_std_log_to_median_ratio,nan,,,481153,0.9308795078161275,1574,0.9419509275882705,1.01189350466863
snd_rcv_tx_cnt_tx_sum_log_to_median_ratio,bin0,,-1.477365222343845,35068,0.0678455347469432,325,0.19449431478156792,2.8667224085860847
snd_rcv_tx_cnt_tx_sum_log_to_median_ratio,bin1,-1.477365222343845,0.32598734174266675,256591,0.4964227673734716,180,0.10771992818671454,0.21699232038983834
snd_rcv_tx_cnt_tx_sum_log_to_median_ratio,bin2,0.32598734174266675,1.4760941884559389,137579,0.26617203219315894,201,0.12028725314183124,0.45191544788048854
snd_rcv_tx_cnt_tx_sum_log_to_median_ratio,bin3,1.4760941884559389,2.999445539728212,54915,0.10624322860238353,207,0.12387791741472172,1.1659841200641239
snd_rcv_tx_cnt_tx_sum_log_to_median_ratio,bin4,2.999445539728212,,32727,0.06331643708404272,758,0.45362058647516457,7.164341636486175
snd_rcv_tx_cnt_tx_sum_log_to_median_ratio,nan,,,0,0.0,0,0.0,1.0
snd_rcv_amt_usd_sum_tx_min_log_to_median_ratio,bin0,,-4.363402173542657,39685,0.07677797554558118,8,0.0047875523638539795,0.06235580359906375
snd_rcv_amt_usd_sum_tx_min_log_to_median_ratio,bin1,-4.363402173542657,-1.1761207725319092,89741,0.1736205695712738,60,0.03590664272890485,0.20681099490440644
snd_rcv_amt_usd_sum_tx_min_log_to_median_ratio,bin2,-1.1761207725319092,1.4101623316384928,187509,0.36277085590465874,318,0.19030520646319568,0.5245879137358558
snd_rcv_amt_usd_sum_tx_min_log_to_median_ratio,bin3,1.4101623316384928,4.6516413902984235,104662,0.20248800495279368,163,0.09754637941352484,0.481739051339194
snd_rcv_amt_usd_sum_tx_min_log_to_median_ratio,bin4,4.6516413902984235,,43163,0.08350681009131714,1092,0.6535008976660682,7.825719805982841
snd_rcv_amt_usd_sum_tx_min_log_to_median_ratio,nan,,,52120,0.10083578393437548,30,0.017953321364452424,0.17804514096044072
snd_rcv_amt_usd_sum_tx_max_log_to_median_ratio,bin0,,-4.020499367775151,43353,0.08387440024763969,8,0.0047875523638539795,0.057080019048943435
snd_rcv_amt_usd_sum_tx_max_log_to_median_ratio,bin1,-4.020499367775151,-0.9468726678222519,94561,0.18294575143166691,63,0.03770197486535009,0.20608281181884874
snd_rcv_amt_usd_sum_tx_max_log_to_median_ratio,bin2,-0.9468726678222519,1.5382453392236988,190068,0.3677217149048135,318,0.19030520646319568,0.5175250705889292
snd_rcv_amt_usd_sum_tx_max_log_to_median_ratio,bin3,1.5382453392236988,4.754697493572663,94415,0.18266328741680854,157,0.09395571514063435,0.514365620313415
snd_rcv_amt_usd_sum_tx_max_log_to_median_ratio,bin4,4.754697493572663,,42363,0.08195906206469587,1095,0.6552962298025135,7.995409089543307
snd_rcv_amt_usd_sum_tx_max_log_to_median_ratio,nan,,,52120,0.10083578393437548,30,0.017953321364452424,0.17804514096044072
snd_rcv_amt_usd_sum_tx_median_log_to_median_ratio,bin0,,-4.012776700670064,43302,0.08377573131094258,7,0.004189108318372232,0.05000384064477943
snd_rcv_amt_usd_sum_tx_median_log_to_median_ratio,bin1,-4.012776700670064,-0.9412759333668929,93945,0.18175398545116855,63,0.03770197486535009,0.20743410259622283
snd_rcv_amt_usd_sum_tx_median_log_to_median_ratio,bin2,-0.9412759333668929,1.5544469643831902,191790,0.37105324253211575,327,0.19569120287253142,0.5273938627704993
snd_rcv_amt_usd_sum_tx_median_log_to_median_ratio,bin3,1.5544469643831902,4.741784175004599,93849,0.181568255687974,150,0.08976660682226212,0.49439593106256696
snd_rcv_amt_usd_sum_tx_median_log_to_median_ratio,bin4,4.741784175004599,,41874,0.08101300108342362,1094,0.6546977857570317,8.08139159149101
snd_rcv_amt_usd_sum_tx_median_log_to_median_ratio,nan,,,52120,0.10083578393437548,30,0.017953321364452424,0.17804514096044072
snd_rcv_amt_usd_sum_tx_mean_log_to_median_ratio,bin0,,-4.026626289373619,43005,0.08320112985605943,7,0.004189108318372232,0.05034917585397603
snd_rcv_amt_usd_sum_tx_mean_log_to_median_ratio,bin1,-4.026626289373619,-0.9464188881231397,93769,0.18141348088531187,63,0.03770197486535009,0.2078234466444364
snd_rcv_amt_usd_sum_tx_mean_log_to_median_ratio,bin2,-0.9464188881231397,1.5705077065051345,193085,0.37355865965020896,322,0.19269898264512267,0.515846648624238
snd_rcv_amt_usd_sum_tx_mean_log_to_median_ratio,bin3,1.5705077065051345,4.775323769259282,93757,0.18139026466491256,154,0.0921603830041891,0.5080778903677087
snd_rcv_amt_usd_sum_tx_mean_log_to_median_ratio,bin4,4.775323769259282,,41144,0.07960068100913172,1095,0.6552962298025135,8.232294265514367
snd_rcv_amt_usd_sum_tx_mean_log_to_median_ratio,nan,,,52120,0.10083578393437548,30,0.017953321364452424,0.17804514096044072
snd_rcv_amt_usd_sum_tx_std_log_to_median_ratio,bin0,,-1.7171958273911176,1146,0.0022171490481349638,1,0.0005984440454817474,0.269916019396689
snd_rcv_amt_usd_sum_tx_std_log_to_median_ratio,bin1,-1.7171958273911176,-0.2243149463709019,1751,0.003387633493267296,5,0.002992220227408737,0.8832774364037853
snd_rcv_amt_usd_sum_tx_std_log_to_median_ratio,bin2,-0.2243149463709019,0.7103123500324675,16384,0.03169787958520353,44,0.026331538001196888,0.8307034522740874
snd_rcv_amt_usd_sum_tx_std_log_to_median_ratio,bin3,0.7103123500324675,1.8887121111177545,7569,0.014643631016870454,4,0.0023937761819269898,0.1634687584772655
snd_rcv_amt_usd_sum_tx_std_log_to_median_ratio,bin4,1.8887121111177545,,993,0.0019211422380436465,40,0.023937761819269897,12.460171529853197
snd_rcv_amt_usd_sum_tx_std_log_to_median_ratio,nan,,,489037,0.9461325646184802,1577,0.9437462597247157,0.997477832406364
snd_rcv_amt_usd_sum_tx_sum_log_to_median_ratio,bin0,,-5.7260287178131195,42371,0.08197453954496207,31,0.01855176540993417,0.22631130974220046
snd_rcv_amt_usd_sum_tx_sum_log_to_median_ratio,bin1,-5.7260287178131195,-1.6827098586613012,86207,0.16678339266367434,63,0.03770197486535009,0.2260535312492275
snd_rcv_amt_usd_sum_tx_sum_log_to_median_ratio,bin2,-1.6827098586613012,1.4190245654095257,222013,0.4295252282928339,142,0.08497905445840814,0.19784415177697703
snd_rcv_amt_usd_sum_tx_sum_log_to_median_ratio,bin3,1.4190245654095257,4.90849122958921,115480,0.22341742764277975,316,0.1891083183722322,0.8464349463131224
snd_rcv_amt_usd_sum_tx_sum_log_to_median_ratio,bin4,4.90849122958921,,50809,0.09829941185574989,1119,0.6696588868940754,6.812440423110269
snd_rcv_amt_usd_sum_tx_sum_log_to_median_ratio,nan,,,0,0.0,0,0.0,1.0
snd_rcv_mean_amt_usd_tx_min_log_to_median_ratio,bin0,,-3.1777319002248987,40849,0.07902994892431513,8,0.0047875523638539795,0.06057896315280288
snd_rcv_mean_amt_usd_tx_min_log_to_median_ratio,bin1,-3.1777319002248987,-0.8097804183779568,95082,0.18395372233400403,6,0.003590664272890485,0.019519389047050268
snd_rcv_mean_amt_usd_tx_min_log_to_median_ratio,bin2,-0.8097804183779568,1.2207872218180735,210034,0.4063496362792137,208,0.12447636146020347,0.3063282216762523
snd_rcv_mean_amt_usd_tx_min_log_to_median_ratio,bin3,1.2207872218180735,4.082629102219414,90960,0.17597895062683794,285,0.17055655296229802,0.9691872371938501
snd_rcv_mean_amt_usd_tx_min_log_to_median_ratio,bin4,4.082629102219414,,27835,0.053851957901253675,1134,0.6786355475763016,12.601873247035703
snd_rcv_mean_amt_usd_tx_min_log_to_median_ratio,nan,,,52120,0.10083578393437548,30,0.017953321364452424,0.17804514096044072
snd_rcv_mean_amt_usd_tx_max_log_to_median_ratio,bin0,,-2.0459447640704713,70829,0.13703180622194708,8,0.0047875523638539795,0.03493752651920604
snd_rcv_mean_amt_usd_tx_max_log_to_median_ratio,bin1,-2.0459447640704713,0.2650262681450929,202042,0.3908876334932673,49,0.029323758228605626,0.07501838307481452
snd_rcv_mean_amt_usd_tx_max_log_to_median_ratio,bin2,0.2650262681450929,2.058178172886028,117931,0.22815934065934065,265,0.15858767205266308,0.695074203819017
snd_rcv_mean_amt_usd_tx_max_log_to_median_ratio,bin3,2.058178172886028,4.756586109162251,52936,0.10241448692152917,285,0.17055655296229802,1.6653557332467999
snd_rcv_mean_amt_usd_tx_max_log_to_median_ratio,bin4,4.756586109162251,,21022,0.04067094876954032,1034,0.6187911430281269,15.214573589971375
snd_rcv_mean_amt_usd_tx_max_log_to_median_ratio,nan,,,52120,0.10083578393437548,30,0.017953321364452424,0.17804514096044072
snd_rcv_mean_amt_usd_tx_median_log_to_median_ratio,bin0,,-3.261873273066735,36778,0.07115384615384615,4,0.0023937761819269898,0.03364225985410905
snd_rcv_mean_amt_usd_tx_median_log_to_median_ratio,bin1,-3.261873273066735,-0.9324111822437849,83528,0.16160037145952638,6,0.003590664272890485,0.022219406059903673
snd_rcv_mean_amt_usd_tx_median_log_to_median_ratio,bin2,-0.9324111822437849,1.049041965903771,216086,0.4180583501006036,142,0.08497905445840814,0.20327079805476525
snd_rcv_mean_amt_usd_tx_median_log_to_median_ratio,bin3,1.049041965903771,3.772047009842238,96417,0.18653652685342825,303,0.1813285457809695,0.9720806366436159
snd_rcv_mean_amt_usd_tx_median_log_to_median_ratio,bin4,3.772047009842238,,31951,0.06181512149822009,1186,0.7097546379413525,11.481893438675668
snd_rcv_mean_amt_usd_tx_median_log_to_median_ratio,nan,,,52120,0.10083578393437548,30,0.017953321364452424,0.17804514096044072
snd_rcv_mean_amt_usd_tx_mean_log_to_median_ratio,bin0,,-3.163066586652754,38932,0.07532115771552392,4,0.0023937761819269898,0.03178092656206777
snd_rcv_mean_amt_usd_tx_mean_log_to_median_ratio,bin1,-3.163066586652754,-0.8599141999048822,85680,0.1657638136511376,5,0.002992220227408737,0.018051106339204342
snd_rcv_mean_amt_usd_tx_mean_log_to_median_ratio,bin2,-0.8599141999048822,1.1113514332001242,215780,0.417466336480421,140,0.08378216636744465,0.20069202962278612
snd_rcv_mean_amt_usd_tx_mean_log_to_median_ratio,bin3,1.1113514332001242,3.8560994012868512,93495,0.1808833771861941,308,0.1843207660083782,1.0190033427927752
snd_rcv_mean_amt_usd_tx_mean_log_to_median_ratio,bin4,3.8560994012868512,,30873,0.05972953103234793,1184,0.708557749850389,11.862771021367184
snd_rcv_mean_amt_usd_tx_mean_log_to_median_ratio,nan,,,52120,0.10083578393437548,30,0.017953321364452424,0.17804514096044072
snd_rcv_mean_amt_usd_tx_std_log_to_median_ratio,bin0,,-3.7750881818753514,1097,0.002122349481504411,3,0.0017953321364452424,0.8459172968877092
snd_rcv_mean_amt_usd_tx_std_log_to_median_ratio,bin1,-3.7750881818753514,-0.8881066481261178,2144,0.004147964711344993,1,0.0005984440454817474,0.1442741409648347
snd_rcv_mean_amt_usd_tx_std_log_to_median_ratio,bin2,-0.8881066481261178,0.7412486763783934,21193,0.041001779910230615,45,0.026929982046678635,0.6568003170993844
snd_rcv_mean_amt_usd_tx_std_log_to_median_ratio,bin3,0.7412486763783934,3.0268446073126176,2830,0.005475158644172729,39,0.02333931777378815,4.262765572761703
snd_rcv_mean_amt_usd_tx_std_log_to_median_ratio,bin4,3.0268446073126176,,579,0.0011201826342671414,6,0.003590664272890485,3.205427546410421
snd_rcv_mean_amt_usd_tx_std_log_to_median_ratio,nan,,,489037,0.9461325646184802,1577,0.9437462597247157,0.997477832406364
snd_rcv_mean_amt_usd_tx_sum_log_to_median_ratio,bin0,,-4.686472962333591,36159,0.06995627611824795,23,0.01376421304608019,0.19675451310207498
snd_rcv_mean_amt_usd_tx_sum_log_to_median_ratio,bin1,-4.686472962333591,-1.3834916699400364,83526,0.16159650208945983,13,0.007779772591262717,0.04814319920709567
snd_rcv_mean_amt_usd_tx_sum_log_to_median_ratio,bin2,-1.3834916699400364,1.236862512092432,254678,0.4927217149048135,150,0.08976660682226212,0.18218520537420133
snd_rcv_mean_amt_usd_tx_sum_log_to_median_ratio,bin3,1.236862512092432,4.6618350846349905,111900,0.2164912552236496,190,0.11370436864153202,0.5252146028903938
snd_rcv_mean_amt_usd_tx_sum_log_to_median_ratio,bin4,4.6618350846349905,,30617,0.059234251663829125,1295,0.7749850388988629,13.083393765099268
snd_rcv_mean_amt_usd_tx_sum_log_to_median_ratio,nan,,,0,0.0,0,0.0,1.0
snd_rcv_time_diff_sec_tx_min_log_to_median_ratio,bin0,,-4.212964399990375,33150,0.06413480885311872,1051,0.6289646918013165,9.806916135694253
snd_rcv_time_diff_sec_tx_min_log_to_median_ratio,bin1,-4.212964399990375,-1.2129426847439952,65355,0.12644134034979104,287,0.1717534410532615,1.3583646027329175
snd_rcv_time_diff_sec_tx_min_log_to_median_ratio,bin2,-1.2129426847439952,1.0273596831447969,106780,0.20658566785327348,122,0.07301017354877319,0.35341354658072566
snd_rcv_time_diff_sec_tx_min_log_to_median_ratio,bin3,1.0273596831447969,3.523593465486975,78831,0.15251315585822628,70,0.041891083183722325,0.274671932057216
snd_rcv_time_diff_sec_tx_min_log_to_median_ratio,bin4,3.523593465486975,,30329,0.05867706237424547,36,0.02154398563734291,0.36716196696989034
snd_rcv_time_diff_sec_tx_min_log_to_median_ratio,nan,,,202435,0.391647964711345,105,0.06283662477558348,0.1604415966310351
snd_rcv_time_diff_sec_tx_max_log_to_median_ratio,bin0,,-4.312081645939618,32378,0.06264123200742919,1046,0.6259724715739078,9.9929782910347
snd_rcv_time_diff_sec_tx_max_log_to_median_ratio,bin1,-4.312081645939618,-1.3210596742180514,60804,0.11763658876334933,295,0.1765409934171155,1.5007320024577109
snd_rcv_time_diff_sec_tx_max_log_to_median_ratio,bin2,-1.3210596742180514,1.0753189236813245,108511,0.20993460764587527,116,0.06941950927588271,0.3306720604779078
snd_rcv_time_diff_sec_tx_max_log_to_median_ratio,bin3,1.0753189236813245,3.738554725112105,80907,0.15652956198730847,78,0.0466786355475763,0.2982097116668674
snd_rcv_time_diff_sec_tx_max_log_to_median_ratio,bin4,3.738554725112105,,31845,0.06161004488469277,31,0.01855176540993417,0.3011159210264335
snd_rcv_time_diff_sec_tx_max_log_to_median_ratio,nan,,,202435,0.391647964711345,105,0.06283662477558348,0.1604415966310351
snd_rcv_time_diff_sec_tx_median_log_to_median_ratio,bin0,,-4.301927741163672,31892,0.06170097508125677,1050,0.6283662477558348,10.184057009282451
snd_rcv_time_diff_sec_tx_median_log_to_median_ratio,bin1,-4.301927741163672,-1.3220724603282505,60752,0.11753598514161895,290,0.17354877318970677,1.4765586299429752
snd_rcv_time_diff_sec_tx_median_log_to_median_ratio,bin2,-1.3220724603282505,1.076021858911219,109392,0.21163906516019193,118,0.0706163973668462,0.33366428505718393
snd_rcv_time_diff_sec_tx_median_log_to_median_ratio,bin3,1.076021858911219,3.686676573949174,80214,0.1551888252592478,78,0.0466786355475763,0.30078606155822224
snd_rcv_time_diff_sec_tx_median_log_to_median_ratio,bin4,3.686676573949174,,32195,0.062287184646339575,30,0.017953321364452424,0.2882345937834499
snd_rcv_time_diff_sec_tx_median_log_to_median_ratio,nan,,,202435,0.391647964711345,105,0.06283662477558348,0.1604415966310351
snd_rcv_time_diff_sec_tx_mean_log_to_median_ratio,bin0,,-4.316794743869654,32066,0.0620376102770469,1046,0.6259724715739078,10.090209290436022
snd_rcv_time_diff_sec_tx_mean_log_to_median_ratio,bin1,-4.316794743869654,-1.3419582563409356,60052,0.11618170561832533,293,0.175344105326152,1.5092230260604385
snd_rcv_time_diff_sec_tx_mean_log_to_median_ratio,bin2,-1.3419582563409356,1.0573225151977546,109096,0.21106639839034205,120,0.0718132854578097,0.3402402561728448
snd_rcv_time_diff_sec_tx_mean_log_to_median_ratio,bin3,1.0573225151977546,3.670369027559664,80733,0.15619292679151833,76,0.045481747456612806,0.2911895461010247
snd_rcv_time_diff_sec_tx_mean_log_to_median_ratio,bin4,3.670369027559664,,32498,0.06287339421142238,31,0.01855176540993417,0.2950654349525132
snd_rcv_time_diff_sec_tx_mean_log_to_median_ratio,nan,,,202435,0.391647964711345,105,0.06283662477558348,0.1604415966310351
snd_rcv_time_diff_sec_tx_std_log_to_median_ratio,bin0,,-4.189900314898852,3242,0.006272248877882681,50,0.029922202274087373,4.770569991187625
snd_rcv_time_diff_sec_tx_std_log_to_median_ratio,bin1,-4.189900314898852,-1.064888694828154,4270,0.008261105092091008,4,0.0023937761819269898,0.28976464471063756
snd_rcv_time_diff_sec_tx_std_log_to_median_ratio,bin2,-1.064888694828154,1.145095628333473,7747,0.014988004952793685,8,0.0047875523638539795,0.3194255925944036
snd_rcv_time_diff_sec_tx_std_log_to_median_ratio,bin3,1.145095628333473,3.7053878272771295,6488,0.012552236495898468,3,0.0017953321364452424,0.14302886477894836
snd_rcv_time_diff_sec_tx_std_log_to_median_ratio,bin4,3.7053878272771295,,1977,0.003824872310787804,2,0.0011968880909634949,0.31292236543106283
snd_rcv_time_diff_sec_tx_std_log_to_median_ratio,nan,,,493156,0.9541015322705464,1604,0.959904248952723,1.0060818649650078
snd_rcv_time_diff_sec_tx_sum_log_to_median_ratio,bin0,,-5.02405771526801,60336,0.11673115616777589,220,0.13165769000598443,1.1278710357049395
snd_rcv_time_diff_sec_tx_sum_log_to_median_ratio,bin1,-5.02405771526801,-1.1514315662350296,41485,0.08026040860547903,342,0.20466786355475763,2.550047615142416
snd_rcv_time_diff_sec_tx_sum_log_to_median_ratio,bin2,-1.1514315662350296,3.082011699062322,258051,0.49924740752205543,753,0.4506283662477558,0.9026153355194904
snd_rcv_time_diff_sec_tx_sum_log_to_median_ratio,bin3,3.082011699062322,8.801362805989445,96115,0.18595225197337872,322,0.19269898264512267,1.0362820595079958
snd_rcv_time_diff_sec_tx_sum_log_to_median_ratio,bin4,8.801362805989445,,60893,0.11780877573131095,34,0.020347097546379412,0.17271291905100078
snd_rcv_time_diff_sec_tx_sum_log_to_median_ratio,nan,,,0,0.0,0,0.0,1.0
snd_rcv_life_time_sec_tx_min_log_to_median_ratio,bin0,,-5.783903230099517,61488,0.11895991332611051,429,0.25673249551166966,2.1581429267511028
snd_rcv_life_time_sec_tx_min_log_to_median_ratio,bin1,-5.783903230099517,2.5733507596209915,319104,0.6173657328586906,282,0.1687612208258528,0.27335696143096544
snd_rcv_life_time_sec_tx_min_log_to_median_ratio,bin2,2.5733507596209915,7.468164720194856,44822,0.08671645256152298,288,0.17235188509874327,1.9875338532381068
snd_rcv_life_time_sec_tx_min_log_to_median_ratio,bin3,7.468164720194856,11.810711935349431,30894,0.05977015941804674,602,0.360263315380012,6.027477906830472
snd_rcv_life_time_sec_tx_min_log_to_median_ratio,bin4,11.810711935349431,,60572,0.11718774183562916,70,0.041891083183722325,0.35746983880344707
snd_rcv_life_time_sec_tx_min_log_to_median_ratio,nan,,,0,0.0,0,0.0,1.0
snd_rcv_life_time_sec_tx_max_log_to_median_ratio,bin0,,-10.3892307861657,36979,0.07154271784553475,116,0.06941950927588271,0.9703225061391129
snd_rcv_life_time_sec_tx_max_log_to_median_ratio,bin1,-10.3892307861657,-3.4080225996153737,30720,0.05943352422225662,326,0.19509275882704968,3.282537278077
snd_rcv_life_time_sec_tx_max_log_to_median_ratio,bin2,-3.4080225996153737,3.2500551694809796,327184,0.6329979879275653,362,0.21663674446439257,0.3422392307654263
snd_rcv_life_time_sec_tx_max_log_to_median_ratio,bin3,3.2500551694809796,9.70358510190618,50273,0.09726242067791363,834,0.4991023339317774,5.131502284778253
snd_rcv_life_time_sec_tx_max_log_to_median_ratio,bin4,9.70358510190618,,71724,0.1387633493267296,33,0.019748653500897665,0.14231894514449817
snd_rcv_life_time_sec_tx_max_log_to_median_ratio,nan,,,0,0.0,0,0.0,1.0
snd_rcv_life_time_sec_tx_median_log_to_median_ratio,bin0,,-10.36251206622564,37263,0.07209216839498529,117,0.07001795332136446,0.9712282884562934
snd_rcv_life_time_sec_tx_median_log_to_median_ratio,bin1,-10.36251206622564,-3.3858067569464394,30742,0.0594760872929887,326,0.19509275882704968,3.2801881849757804
snd_rcv_life_time_sec_tx_median_log_to_median_ratio,bin2,-3.3858067569464394,3.2548137124555234,326935,0.6325162513542795,361,0.21603830041891084,0.3415537544788005
snd_rcv_life_time_sec_tx_median_log_to_median_ratio,bin3,3.2548137124555234,9.703854979437383,50166,0.09705540937935304,834,0.4991023339317774,5.142447362011264
snd_rcv_life_time_sec_tx_median_log_to_median_ratio,bin4,9.703854979437383,,71774,0.13886008357839344,33,0.019748653500897665,0.14221980134232431
snd_rcv_life_time_sec_tx_median_log_to_median_ratio,nan,,,0,0.0,0,0.0,1.0
snd_rcv_life_time_sec_tx_mean_log_to_median_ratio,bin0,,-10.34519749059811,37026,0.07163364804209875,116,0.06941950927588271,0.9690907998303423
snd_rcv_life_time_sec_tx_mean_log_to_median_ratio,bin1,-10.34519749059811,-3.375790619371946,30732,0.059456740442655934,327,0.19569120287253142,3.291320738668295
snd_rcv_life_time_sec_tx_mean_log_to_median_ratio,bin2,-3.375790619371946,3.2576596584726216,327247,0.6331198730846618,361,0.21603830041891084,0.34122811430059447
snd_rcv_life_time_sec_tx_mean_log_to_median_ratio,bin3,3.2576596584726216,9.707217195207889,50169,0.09706121343445287,834,0.4991023339317774,5.142139854544781
snd_rcv_life_time_sec_tx_mean_log_to_median_ratio,bin4,9.707217195207889,,71706,0.13872852499613064,33,0.019748653500897665,0.14235467076038244
snd_rcv_life_time_sec_tx_mean_log_to_median_ratio,nan,,,0,0.0,0,0.0,1.0
snd_rcv_life_time_sec_tx_std_log_to_median_ratio,bin0,,-3.851269894440113,3168,0.006129082185420214,0,0.0,0.0
snd_rcv_life_time_sec_tx_std_log_to_median_ratio,bin1,-3.851269894440113,-1.0267597172488376,2989,0.0057827735644637055,2,0.0011968880909634949,0.20697474622188397
snd_rcv_life_time_sec_tx_std_log_to_median_ratio,bin2,-1.0267597172488376,0.4839009556676064,12644,0.02446215756074911,82,0.049072411729503294,2.00605411062525
snd_rcv_life_time_sec_tx_std_log_to_median_ratio,bin3,0.4839009556676064,2.2368585056616954,12913,0.02498258783470051,12,0.00718132854578097,0.28745334924055355
snd_rcv_life_time_sec_tx_std_log_to_median_ratio,bin4,2.2368585056616954,,4013,0.007763891038538926,1,0.0005984440454817474,0.07708042816561317
snd_rcv_life_time_sec_tx_std_log_to_median_ratio,nan,,,481153,0.9308795078161275,1574,0.9419509275882705,1.01189350466863
snd_rcv_life_time_sec_tx_sum_log_to_median_ratio,bin0,,-10.405503540157916,37020,0.07162203993189908,116,0.06941950927588271,0.9692478647897962
snd_rcv_life_time_sec_tx_sum_log_to_median_ratio,bin1,-10.405503540157916,-3.413144779418065,30672,0.05934065934065934,327,0.19569120287253142,3.297759159518585
snd_rcv_life_time_sec_tx_sum_log_to_median_ratio,bin2,-3.413144779418065,3.221436833566874,326932,0.6325104472991797,361,0.21603830041891084,0.3415568886512383
snd_rcv_life_time_sec_tx_sum_log_to_median_ratio,bin3,3.221436833566874,9.666551611978889,50344,0.09739978331527627,834,0.4991023339317774,5.124265341702231
snd_rcv_life_time_sec_tx_sum_log_to_median_ratio,bin4,9.666551611978889,,71912,0.1391270701129856,33,0.019748653500897665,0.14194687981900078
snd_rcv_life_time_sec_tx_sum_log_to_median_ratio,nan,,,0,0.0,0,0.0,1.0
snd_rcv_mean_time_diff_sec_tx_min_log_to_median_ratio,bin0,,-3.0477157956264147,20055,0.03880010834236186,1183,0.7079593058049073,18.24632291121618
snd_rcv_mean_time_diff_sec_tx_min_log_to_median_ratio,bin1,-3.0477157956264147,-0.7745691379881595,53196,0.10291750503018109,206,0.12327947336923997,1.1978474734019993
snd_rcv_mean_time_diff_sec_tx_min_log_to_median_ratio,bin2,-0.7745691379881595,0.8971835717436115,147414,0.28519965949543413,87,0.05206463195691203,0.18255502846329855
snd_rcv_mean_time_diff_sec_tx_min_log_to_median_ratio,bin3,0.8971835717436115,2.9634211967563298,71572,0.13846927720167157,74,0.04428485936564931,0.3198172205459791
snd_rcv_mean_time_diff_sec_tx_min_log_to_median_ratio,bin4,2.9634211967563298,,22208,0.042965485219006345,16,0.009575104727707959,0.22285573359409627
snd_rcv_mean_time_diff_sec_tx_min_log_to_median_ratio,nan,,,202435,0.391647964711345,105,0.06283662477558348,0.1604415966310351
snd_rcv_mean_time_diff_sec_tx_max_log_to_median_ratio,bin0,,-3.1594566016140613,19454,0.037637362637362635,1139,0.6816277678037104,18.110402005879607
snd_rcv_mean_time_diff_sec_tx_max_log_to_median_ratio,bin1,-3.1594566016140613,-0.8147405941038299,55839,0.1080308775731311,194,0.11609814482345901,1.074675568981348
snd_rcv_mean_time_diff_sec_tx_max_log_to_median_ratio,bin2,-0.8147405941038299,0.9974151570684702,140286,0.2714092245782387,178,0.10652304009575105,0.3924812808454999
snd_rcv_mean_time_diff_sec_tx_max_log_to_median_ratio,bin3,0.9974151570684702,3.4281838133132254,77627,0.15018379507816126,38,0.022740873728306403,0.15142028949575553
snd_rcv_mean_time_diff_sec_tx_max_log_to_median_ratio,bin4,3.4281838133132254,,21239,0.04109077542176134,17,0.010173548773189706,0.24758716935290245
snd_rcv_mean_time_diff_sec_tx_max_log_to_median_ratio,nan,,,202435,0.391647964711345,105,0.06283662477558348,0.1604415966310351
snd_rcv_mean_time_diff_sec_tx_median_log_to_median_ratio,bin0,,-3.12626686360099,19527,0.03777859464479183,1136,0.6798324356672651,17.99517536476141
snd_rcv_mean_time_diff_sec_tx_median_log_to_median_ratio,bin1,-3.12626686360099,-0.8198116271340323,55299,0.10698614765516173,204,0.12208258527827648,1.1411064698934077
snd_rcv_mean_time_diff_sec_tx_median_log_to_median_ratio,bin2,-0.8198116271340323,0.9628603004058254,139386,0.2696680080482897,167,0.09994015559545183,0.370604419555602
snd_rcv_mean_time_diff_sec_tx_median_log_to_median_ratio,bin3,0.9628603004058254,3.274146120484181,77389,0.14972334004024146,41,0.024536205864751647,0.16387696038678404
snd_rcv_mean_time_diff_sec_tx_median_log_to_median_ratio,bin4,3.274146120484181,,22844,0.04419594490017025,18,0.010771992818671455,0.24373260585339265
snd_rcv_mean_time_diff_sec_tx_median_log_to_median_ratio,nan,,,202435,0.391647964711345,105,0.06283662477558348,0.1604415966310351
snd_rcv_mean_time_diff_sec_tx_mean_log_to_median_ratio,bin0,,-3.0707525397825184,20095,0.038877495743692925,1138,0.6810293237582286,17.51731459886306
snd_rcv_mean_time_diff_sec_tx_mean_log_to_median_ratio,bin1,-3.0707525397825184,-0.7877040430649601,56380,0.10907754217613373,212,0.12687013764213045,1.1631187787240933
snd_rcv_mean_time_diff_sec_tx_mean_log_to_median_ratio,bin2,-0.7877040430649601,0.9732609927958118,138189,0.2673521900634577,156,0.0933572710951526,0.34919209404266965
snd_rcv_mean_time_diff_sec_tx_mean_log_to_median_ratio,bin3,0.9732609927958118,3.274903119869128,76969,0.1489107723262653,42,0.025134649910233394,0.16879000436021563
snd_rcv_mean_time_diff_sec_tx_mean_log_to_median_ratio,bin4,3.274903119869128,,22812,0.0441340349791054,18,0.010771992818671455,0.24407450675586978
snd_rcv_mean_time_diff_sec_tx_mean_log_to_median_ratio,nan,,,202435,0.391647964711345,105,0.06283662477558348,0.1604415966310351
snd_rcv_mean_time_diff_sec_tx_std_log_to_median_ratio,bin0,,-4.28348738768265,1099,0.0021262188515709644,2,0.0011968880909634949,0.5629185773041048
snd_rcv_mean_time_diff_sec_tx_std_log_to_median_ratio,bin1,-4.28348738768265,-1.5182211449126137,4110,0.007951555486766754,42,0.025134649910233394,3.160972711825167
snd_rcv_mean_time_diff_sec_tx_std_log_to_median_ratio,bin2,-1.5182211449126137,0.5380994143110881,8490,0.016425475932518186,19,0.011370436864153202,0.6922439819014731
snd_rcv_mean_time_diff_sec_tx_std_log_to_median_ratio,bin3,0.5380994143110881,2.264680590440945,6715,0.012991409998452252,2,0.0011968880909634949,0.09212919083502773
snd_rcv_mean_time_diff_sec_tx_std_log_to_median_ratio,bin4,2.264680590440945,,3310,0.006403807460145489,2,0.0011968880909634949,0.18690257294779794
snd_rcv_mean_time_diff_sec_tx_std_log_to_median_ratio,nan,,,493156,0.9541015322705464,1604,0.959904248952723,1.0060818649650078
snd_rcv_mean_time_diff_sec_tx_sum_log_to_median_ratio,bin0,,-8.118132288365489,37621,0.07278478563689832,37,0.022142429682824656,0.30421783191457985
snd_rcv_mean_time_diff_sec_tx_sum_log_to_median_ratio,bin1,-8.118132288365489,-2.966972921529565,25699,0.049719470670174896,426,0.25493716337522443,5.127511615447527
snd_rcv_mean_time_diff_sec_tx_sum_log_to_median_ratio,bin2,-2.966972921529565,2.646951119236466,307157,0.5942520507661353,555,0.33213644524236985,0.5589151014525996
snd_rcv_mean_time_diff_sec_tx_sum_log_to_median_ratio,bin3,2.646951119236466,8.35483228785439,73601,0.14239475313418976,619,0.37043686415320165,2.6014783269725528
snd_rcv_mean_time_diff_sec_tx_sum_log_to_median_ratio,bin4,8.35483228785439,,72802,0.14084893979260177,34,0.020347097546379412,0.1444604238863299
snd_rcv_mean_time_diff_sec_tx_sum_log_to_median_ratio,nan,,,0,0.0,0,0.0,1.0
amount_usd_tx_min_log_to_median_ratio,bin0,,-3.6391215531145042,32820,0.06349636279213744,121,0.07241172950329144,1.1404075181493383
amount_usd_tx_min_log_to_median_ratio,bin1,-3.6391215531145042,-0.9472863193742952,101925,0.19719277201671567,66,0.03949730700179533,0.20029794498982556
amount_usd_tx_min_log_to_median_ratio,bin2,-0.9472863193742952,1.1782811879632897,196302,0.3797825414022597,211,0.12627169359664872,0.3324841977475308
amount_usd_tx_min_log_to_median_ratio,bin3,1.1782811879632897,4.071645335742887,101430,0.19623510292524377,558,0.3339317773788151,1.7016923700242723
amount_usd_tx_min_log_to_median_ratio,bin4,4.071645335742887,,32283,0.06245743692926792,685,0.40993417115499703,6.563416485041503
amount_usd_tx_min_log_to_median_ratio,nan,,,52120,0.10083578393437548,30,0.017953321364452424,0.17804514096044072
amount_usd_tx_max_log_to_median_ratio,bin0,,-3.6315594950839705,32560,0.06299334468348552,119,0.07121484141232795,1.1305137355406656
amount_usd_tx_max_log_to_median_ratio,bin1,-3.6315594950839705,-0.9480982309170892,101962,0.19726435536294692,65,0.03889886295631358,0.19719154474077955
amount_usd_tx_max_log_to_median_ratio,bin2,-0.9480982309170892,1.1708968185597763,195955,0.3791112056957127,159,0.09515260323159784,0.2509886328919818
amount_usd_tx_max_log_to_median_ratio,bin3,1.1708968185597763,4.0568259124683514,101559,0.19648467729453645,566,0.33871932974266905,1.7238969186127353
amount_usd_tx_max_log_to_median_ratio,bin4,4.0568259124683514,,32724,0.0633106330289429,732,0.4380610412926391,6.919233315711383
amount_usd_tx_max_log_to_median_ratio,nan,,,52120,0.10083578393437548,30,0.017953321364452424,0.17804514096044072
amount_usd_tx_median_log_to_median_ratio,bin0,,-3.7705213369856905,30580,0.059162668317597894,120,0.0718132854578097,1.2138276974307611
amount_usd_tx_median_log_to_median_ratio,bin1,-3.7705213369856905,-1.0735493777928486,95059,0.18390922457823866,55,0.03291442250149611,0.17897102539026613
amount_usd_tx_median_log_to_median_ratio,bin2,-1.0735493777928486,1.0526310920454058,197001,0.38113488624052005,157,0.09395571514063435,0.24651565241745513
amount_usd_tx_median_log_to_median_ratio,bin3,1.0526310920454058,3.9222211972244385,107470,0.20792060052623432,556,0.3327348892878516,1.6002978466093305
amount_usd_tx_median_log_to_median_ratio,bin4,3.9222211972244385,,34650,0.06703683640303358,753,0.4506283662477558,6.722100719946321
amount_usd_tx_median_log_to_median_ratio,nan,,,52120,0.10083578393437548,30,0.017953321364452424,0.17804514096044072
amount_usd_tx_mean_log_to_median_ratio,bin0,,-3.6969406313807918,31526,0.060992880359077545,118,0.0706163973668462,1.157780989373072
amount_usd_tx_mean_log_to_median_ratio,bin1,-3.6969406313807918,-0.9953893729857576,99371,0.1922515864417273,65,0.03889886295631358,0.20233311816183155
amount_usd_tx_mean_log_to_median_ratio,bin2,-0.9953893729857576,1.1456242798872194,198025,0.38311600371459525,157,0.09395571514063435,0.24524090413781635
amount_usd_tx_mean_log_to_median_ratio,bin3,1.1456242798872194,4.0401505988780375,102924,0.19912552236495898,565,0.3381208856971873,1.6980288698375712
amount_usd_tx_mean_log_to_median_ratio,bin4,4.0401505988780375,,32914,0.06367822318526543,736,0.4404548174745661,6.916882969443208
amount_usd_tx_mean_log_to_median_ratio,nan,,,52120,0.10083578393437548,30,0.017953321364452424,0.17804514096044072
amount_usd_tx_std_log_to_median_ratio,bin0,,-3.301194538819202,2330,0.004507816127534437,3,0.0017953321364452424,0.39827093334155234
amount_usd_tx_std_log_to_median_ratio,bin1,-3.301194538819202,-0.9581631502367262,6678,0.012919826652221019,4,0.0023937761819269898,0.18527928016088985
amount_usd_tx_std_log_to_median_ratio,bin2,-0.9581631502367262,0.998506043137693,12115,0.0234387091781458,46,0.02752842609216038,1.1744855863405579
amount_usd_tx_std_log_to_median_ratio,bin3,0.998506043137693,3.509422268428046,4875,0.00943158953722334,34,0.020347097546379412,2.1573349291841213
amount_usd_tx_std_log_to_median_ratio,bin4,3.509422268428046,,1845,0.003569493886395295,7,0.004189108318372232,1.1735860745800755
amount_usd_tx_std_log_to_median_ratio,nan,,,489037,0.9461325646184802,1577,0.9437462597247157,0.997477832406364
amount_usd_tx_sum_log_to_median_ratio,bin0,,-4.789648275339128,36147,0.06993305989784863,140,0.08378216636744465,1.1980337552771956
amount_usd_tx_sum_log_to_median_ratio,bin1,-4.789648275339128,-1.416677926393832,91221,0.17648390342052314,44,0.026331538001196888,0.14920079106848913
amount_usd_tx_sum_log_to_median_ratio,bin2,-1.416677926393832,1.1120782196920496,222310,0.43009982974771704,161,0.09634949132256133,0.22401657628899063
amount_usd_tx_sum_log_to_median_ratio,bin3,1.1120782196920496,4.31634707738795,128007,0.2476532270546355,518,0.3099940155595452,1.2517261303086373
amount_usd_tx_sum_log_to_median_ratio,bin4,4.31634707738795,,39195,0.07582997987927566,808,0.48354278874925194,6.376670408182506
amount_usd_tx_sum_log_to_median_ratio,nan,,,0,0.0,0,0.0,1.0
receiver_type_tx_nunique_log_to_median_ratio,bin0,,,516880,1.0,1671,1.0,1.0
receiver_type_tx_nunique_log_to_median_ratio,nan,,,0,0.0,0,0.0,1.0
internal_tx_cnt_log_to_median_ratio,bin0,,-0.11157172973916522,2695,0.00521397616468039,19,0.011370436864153202,2.1807611897378503
internal_tx_cnt_log_to_median_ratio,bin1,-0.11157172973916522,0.04765513582010208,504993,0.9770023990094413,1563,0.9353680430879713,0.957385615466572
internal_tx_cnt_log_to_median_ratio,bin2,0.04765513582010208,0.1914961261280528,0,0.0,1,0.0005984440454817474,1.0
internal_tx_cnt_log_to_median_ratio,bin3,0.1914961261280528,0.3162612793717552,23,4.4497755765361397e-05,0,0.0,0.0
internal_tx_cnt_log_to_median_ratio,bin4,0.3162612793717552,,9169,0.017739127070112985,88,0.052663076002393776,2.9687523965663973
internal_tx_cnt_log_to_median_ratio,nan,,,0,0.0,0,0.0,1.0
