Transaction ID,Transaction Time,Sender ID,Receiver ID,Amount,Currency,Currency Hash,Currency Type,Amount [USD],Receiver Type,Label
0x30bf9def2d8f4038a45de9e507e28c9a4ea6f87c8df452fbbc081c56ea2a563f,2022-06-30 23:06:38 +0000,0x36983f0dcbfcaa2b978eb0f34e53505cc0fb4d97,0x1f5d43dfd8f94016d845a1469a7605333ec61bce,9000,USDC,0xa0b86991c6218b36c1d19d4a2e9eb0ce3606eb48,ERC20,9013.542628,Smart Contract,0
0xc16f6ddd1bf258e4f346acef65d21c3680f3d8e1eda6b40db50151118c3aa54d,2022-06-29 15:49:19 +0000,0x36983f0dcbfcaa2b978eb0f34e53505cc0fb4d97,0x1f5d43dfd8f94016d845a1469a7605333ec61bce,25000,USDC,0xa0b86991c6218b36c1d19d4a2e9eb0ce3606eb48,ERC20,25036.62264,Smart Contract,0
0xe9c00cabde47772d9df2efa128a394a0350b0d5fe59fbf610bcbcabdedef5a6a,2022-06-27 17:59:25 +0000,0x36983f0dcbfcaa2b978eb0f34e53505cc0fb4d97,0x40c39206a6e092b31285ec93e98242f270f8a30d,0.1,ETH,0x0000000000000000000000000000000000000000,,120.1237791,Wallet,0
0x807e63b35f9e2113050d6b74f2ba2cb60f2c4291f03e668f5d83a1b782b7192e,2022-06-27 17:58:12 +0000,0x36983f0dcbfcaa2b978eb0f34e53505cc0fb4d97,0xa5c6633fc8a0915d34bbbc80ce0f55fefd8cca39,0.1,ETH,0x0000000000000000000000000000000000000000,,120.1237791,Wallet,0
0x6c9b434111011c1a8262f7ddcdd90f913c8be402ff3afd68d6c038edc7ae59f0,2022-06-27 17:41:45 +0000,0x36983f0dcbfcaa2b978eb0f34e53505cc0fb4d97,0x75505ef53b204e46a6a207f631f6c89d288d8519,0.5,ETH,0x0000000000000000000000000000000000000000,,600.6188953,Wallet,0
0x06edf0e5d081abc46f3232e7eeb0fdcea23a91bcb7791c97509888931b344bb1,2022-06-27 17:19:36 +0000,0x36983f0dcbfcaa2b978eb0f34e53505cc0fb4d97,0xa5c6633fc8a0915d34bbbc80ce0f55fefd8cca39,2285130,USDC,0xa0b86991c6218b36c1d19d4a2e9eb0ce3606eb48,ERC20,2287753.313,Wallet,0
0xcb7b5b353a855253b85002cbdf2cfba5f6d4c6cf4c65df1c542ef7a88dc75245,2022-06-24 15:37:03 +0000,0x36983f0dcbfcaa2b978eb0f34e53505cc0fb4d97,0xdab003d34974e1aa1339f91d1085c7456e0d0bbb,25,ETH,0x0000000000000000000000000000000000000000,,28612.01884,Wallet,0
0xd696d55642010498c07bd5dc1f533079d93a6f0cd2060d335439d303f7f7523b,2022-06-24 15:09:57 +0000,0x36983f0dcbfcaa2b978eb0f34e53505cc0fb4d97,0xb1cb098fa5aaa73f8f5dbc2f68dec6378eb41893,20500,USDC,0xa0b86991c6218b36c1d19d4a2e9eb0ce3606eb48,ERC20,20538.43896,Wallet,0
0xe070573f03e91231a7b50b2334bf64d9d091bfad8d160f80024a2f16beff1fbc,2022-06-23 15:29:22 +0000,0x36983f0dcbfcaa2b978eb0f34e53505cc0fb4d97,0x8b60866506fb590f115ecaa878652b482cb9ab68,24500,USDC,0xa0b86991c6218b36c1d19d4a2e9eb0ce3606eb48,ERC20,24487.31976,Wallet,0
0xeb0aba875f456a513a10b6058d14ac800bade12d403559888381c3ae899fd4fb,2022-06-22 21:44:40 +0000,0x36983f0dcbfcaa2b978eb0f34e53505cc0fb4d97,0xeb7f11573ba667eee88410daca152435872d66d1,227110,USDT,0xdac17f958d2ee523a2206206994597c13d831ec7,ERC20,227632.5835,Wallet,0
0x7ad9df70afda3f047061a447809bdf567c409e9b65cc05c1d54e8cbb6cf1b24e,2022-06-15 17:48:47 +0000,0x36983f0dcbfcaa2b978eb0f34e53505cc0fb4d97,0x169ec664702bf5bdf110cdaa6ae2e09d72763e69,24.0753,ETH,0x0000000000000000000000000000000000000000,,29248.26979,Wallet,0
0x8e19f37003bdb5a59910f2be08291199e8fcda9a8bc2d7cabff44ba32e2b884e,2022-06-14 16:19:50 +0000,0x36983f0dcbfcaa2b978eb0f34e53505cc0fb4d97,0x24e225da606f5f63950479c2092118dc4ec3ee9d,5.0589,ETH,0x0000000000000000000000000000000000000000,,6098.98599,Wallet,0
0x34e70ded3f5777e69b7f160ec35849ccd9a3e999cd0774ddab87a2c86982520f,2022-06-14 16:19:50 +0000,0x36983f0dcbfcaa2b978eb0f34e53505cc0fb4d97,0x938c84b68d208b3e30a313d96425415f25e67ccf,10.1852,ETH,0x0000000000000000000000000000000000000000,,12279.2291,Wallet,0
0xb34b41e2d943ffb09d59981d2d50f3841cc0e413ec7afd8e9cd77afdf51a5087,2022-06-14 13:01:18 +0000,0x36983f0dcbfcaa2b978eb0f34e53505cc0fb4d97,0xaca096d2e6492d7380c5d8e70d90e13eecc72dd4,235426.2,USDC,0xa0b86991c6218b36c1d19d4a2e9eb0ce3606eb48,ERC20,235469.5331,Wallet,0
0x524f41fd50ccd9999eadca589a920c46e5db74c391f699df3f7143b2da9ffcf4,2022-06-13 20:14:15 +0000,0x36983f0dcbfcaa2b978eb0f34e53505cc0fb4d97,0xeb7f11573ba667eee88410daca152435872d66d1,296235,USDT,0xdac17f958d2ee523a2206206994597c13d831ec7,ERC20,296007.7351,Wallet,0
0x17b455f219063d5c8122b5c94a562407e9d741c32f5955872dcc15a1e3a24d8b,2022-06-09 15:09:22 +0000,0x36983f0dcbfcaa2b978eb0f34e53505cc0fb4d97,0xaca096d2e6492d7380c5d8e70d90e13eecc72dd4,137152.01,USDC,0xa0b86991c6218b36c1d19d4a2e9eb0ce3606eb48,ERC20,137176.455,Wallet,0
0x3c67656fde750508e03bffde1b3fe5b6c6deab396f7303ef03df38e850b57b93,2022-06-08 22:34:29 +0000,0x36983f0dcbfcaa2b978eb0f34e53505cc0fb4d97,0x169ec664702bf5bdf110cdaa6ae2e09d72763e69,16.6561,ETH,0x0000000000000000000000000000000000000000,,30287.24757,Wallet,0
0xd841487fbabaf637471c3813539c14827bb71951963bc608dce6f8266d904c4b,2022-06-01 22:13:31 +0000,0x36983f0dcbfcaa2b978eb0f34e53505cc0fb4d97,0x46a4658f80d23e2a5a623007e4c00dc1bb4aee83,800,USDC,0xa0b86991c6218b36c1d19d4a2e9eb0ce3606eb48,ERC20,800.6244405,Smart Contract,0
0x4ed9753f08b89791d631b037d45b444da9d61bb129093b7aa5c0f0b3e377e9c4,2022-05-31 19:13:22 +0000,0x36983f0dcbfcaa2b978eb0f34e53505cc0fb4d97,0x1f5d43dfd8f94016d845a1469a7605333ec61bce,1215,USDC,0xa0b86991c6218b36c1d19d4a2e9eb0ce3606eb48,ERC20,1216.642438,Smart Contract,0
0xf63e62d682e41231541661c56a45c898bd1bf4ac28b51139e4ee75165a066dd1,2022-05-30 20:16:44 +0000,0x36983f0dcbfcaa2b978eb0f34e53505cc0fb4d97,0x1f5d43dfd8f94016d845a1469a7605333ec61bce,20000,USDC,0xa0b86991c6218b36c1d19d4a2e9eb0ce3606eb48,ERC20,20054.923,Smart Contract,0
0xf7b958cf9c74a3b125834fef2be13c9f833d92071cd492e631d12d50229d3a20,2022-05-26 19:27:15 +0000,0x36983f0dcbfcaa2b978eb0f34e53505cc0fb4d97,0xeb7f11573ba667eee88410daca152435872d66d1,493715,USDT,0xdac17f958d2ee523a2206206994597c13d831ec7,ERC20,493934.8827,Wallet,0
0x0fb7404a91c6c4b9ea068aa8a9a13b57a1bd3cd0d8641fe23a4a6bf9cdb65821,2022-05-26 19:08:48 +0000,0x36983f0dcbfcaa2b978eb0f34e53505cc0fb4d97,0xb1cb098fa5aaa73f8f5dbc2f68dec6378eb41893,50000,USDT,0xdac17f958d2ee523a2206206994597c13d831ec7,ERC20,50022.26818,Wallet,0
0xdf281ea0410719a742ec92c48be9cf31b62bebd15881cc399572d75f53486944,2022-05-25 14:42:26 +0000,0x36983f0dcbfcaa2b978eb0f34e53505cc0fb4d97,0xb01f5b58aeff3a7ff109e5d46d9bd0cc11d068dc,0.01,ETH,0x0000000000000000000000000000000000000000,,19.79770545,Wallet,0
0x17d5d2c92343a1351a500e7e861c9860ae93214ff6bc14d84d0d85c10956a5f0,2022-05-24 19:29:41 +0000,0x36983f0dcbfcaa2b978eb0f34e53505cc0fb4d97,0xaca096d2e6492d7380c5d8e70d90e13eecc72dd4,56884.54,USDC,0xa0b86991c6218b36c1d19d4a2e9eb0ce3606eb48,ERC20,56962.99268,Wallet,0
0xdbfafb0dfd3db45cdfd23305a5ed65d06fb1ce4e1824fdff34f61ce32fddd207,2022-05-24 18:28:13 +0000,0x36983f0dcbfcaa2b978eb0f34e53505cc0fb4d97,0xb01f5b58aeff3a7ff109e5d46d9bd0cc11d068dc,0.01,ETH,0x0000000000000000000000000000000000000000,,19.74581194,Wallet,0
0xf4ac31bf53e71b0634fb683b09e95638fc75ad9780100f7e68390bb8f313290f,2022-05-23 21:12:15 +0000,0x36983f0dcbfcaa2b978eb0f34e53505cc0fb4d97,0xb01f5b58aeff3a7ff109e5d46d9bd0cc11d068dc,0.01,ETH,0x0000000000000000000000000000000000000000,,20.4664635,Wallet,0
0xe5a88476ebb8e3e341d96d1b71d732d3b5f5cd8ae95f10a4ab8a378e8d9840be,2022-05-17 18:54:42 +0000,0x36983f0dcbfcaa2b978eb0f34e53505cc0fb4d97,0xdab003d34974e1aa1339f91d1085c7456e0d0bbb,4,ETH,0x0000000000000000000000000000000000000000,,8103.554794,Wallet,0
0x2e234d61b960f775c84ff22b838cc58602f2e6a1f463207991775fa385a20f04,2022-05-16 21:30:40 +0000,0x36983f0dcbfcaa2b978eb0f34e53505cc0fb4d97,0xb1f4c88218ae99caaf3c55cc759e8327c3df9489,52.4402,ETH,0x0000000000000000000000000000000000000000,,112591.5976,Wallet,0
0x52fd6ca16d9523876b7688faddf418437033717ab8ac7712f0f843872b9df9d2,2022-05-16 16:06:36 +0000,0x36983f0dcbfcaa2b978eb0f34e53505cc0fb4d97,0x96315e25c0e8ac6c399a9d4889efc0a5686b59a6,4.3008,ETH,0x0000000000000000000000000000000000000000,,9234.021664,Wallet,0
0x8ec8d4e1a957f7a0573cb0d7abbdd235c5c550b47d8d27b226afd9b53fd59bc4,2022-05-16 15:52:33 +0000,0x36983f0dcbfcaa2b978eb0f34e53505cc0fb4d97,0x96315e25c0e8ac6c399a9d4889efc0a5686b59a6,0.01,ETH,0x0000000000000000000000000000000000000000,,21.47047448,Wallet,0
0xa67bb70421666350da39bebc37b3e04b8de57270409b8b5565ff846bb20d498d,2022-05-12 12:54:02 +0000,0x36983f0dcbfcaa2b978eb0f34e53505cc0fb4d97,0xb1cb098fa5aaa73f8f5dbc2f68dec6378eb41893,27490.14,USDT,0xdac17f958d2ee523a2206206994597c13d831ec7,ERC20,27319.21496,Wallet,0
0x2aa1855856a725c69fcede685e744f9813a47d9d75ec57a9527e021e99b5963d,2022-05-10 20:55:27 +0000,0x36983f0dcbfcaa2b978eb0f34e53505cc0fb4d97,0x81c73831506f83b0541000707e04a9e3aa413604,50,USDC,0xa0b86991c6218b36c1d19d4a2e9eb0ce3606eb48,ERC20,50.05024996,Smart Contract,0
0x8f63cfe85f05e5a594aa7f884867a59e330bcda4a866085e755b8bad11cac57c,2022-05-05 17:05:45 +0000,0x36983f0dcbfcaa2b978eb0f34e53505cc0fb4d97,0xeb7f11573ba667eee88410daca152435872d66d1,1481215,USDT,0xdac17f958d2ee523a2206206994597c13d831ec7,ERC20,1483137.212,Wallet,0
0xec631a83a135f06f5ebe59f27b1960c4d82bfd5424a3d407295e5ea56640ec9f,2022-05-02 18:03:49 +0000,0x36983f0dcbfcaa2b978eb0f34e53505cc0fb4d97,0x8b60866506fb590f115ecaa878652b482cb9ab68,35350,USDC,0xa0b86991c6218b36c1d19d4a2e9eb0ce3606eb48,ERC20,35264.33763,Wallet,0
0x42566ea475ae9cbd5cfed49f7de86c7d1a769b8ff501b5803e0a1e1d972ff907,2022-04-29 13:50:08 +0000,0x36983f0dcbfcaa2b978eb0f34e53505cc0fb4d97,0x511d5d43dbbf359ae5eb1dc8265ff7e014df7a06,6200,USDC,0xa0b86991c6218b36c1d19d4a2e9eb0ce3606eb48,ERC20,6193.873407,Wallet,0
0x10da26e9c40e0c83342465ca954bd9c6b90fb912155eb11e85e1fb1110bca8f0,2022-04-21 16:32:12 +0000,0x36983f0dcbfcaa2b978eb0f34e53505cc0fb4d97,0x4ce0bddde2c4cedd6f60ecdced023909b518db1c,18.9412,ETH,0x0000000000000000000000000000000000000000,,58332.7681,Wallet,0
0x03a0c2c1c22c14b5e805f6b3a79852867f105e2209e9cbce81f034a71d545c4f,2022-04-20 19:27:28 +0000,0x36983f0dcbfcaa2b978eb0f34e53505cc0fb4d97,0xeb7f11573ba667eee88410daca152435872d66d1,2507127,USDT,0xdac17f958d2ee523a2206206994597c13d831ec7,ERC20,2509239.903,Wallet,0
0x2c0c1855f95189922d651d0275cfbd1c2074c586ef443f98edbb58709a1cbad7,2022-04-20 18:54:13 +0000,0x36983f0dcbfcaa2b978eb0f34e53505cc0fb4d97,0xeb7f11573ba667eee88410daca152435872d66d1,100,USDT,0xdac17f958d2ee523a2206206994597c13d831ec7,ERC20,100.0842759,Wallet,0
0x4e02c92b9e405a0deae78e94c841cfc06f9e8ff53b98bbb0e055137f650a8874,2022-04-19 16:10:18 +0000,0x36983f0dcbfcaa2b978eb0f34e53505cc0fb4d97,0x6dd31562bf1d485e872e7fcd88165057ebcc357f,13.0133,ETH,0x0000000000000000000000000000000000000000,,39845.30057,Wallet,0
0x92ee8aa40f431256552c0f9bee691b8434dd98d7ceb009b6f52ba2b680f31e8f,2022-04-11 19:04:58 +0000,0x36983f0dcbfcaa2b978eb0f34e53505cc0fb4d97,0x511d5d43dbbf359ae5eb1dc8265ff7e014df7a06,6200,USDC,0xa0b86991c6218b36c1d19d4a2e9eb0ce3606eb48,ERC20,6180.40856,Wallet,0
0xc3446fd9fcbd6dfc08db0d63b32e33e61784b91a07ef8db0e910affc5aba553e,2022-04-08 18:08:58 +0000,0x36983f0dcbfcaa2b978eb0f34e53505cc0fb4d97,0xe54e434039c8e26b7d80a04e8e90b0cdc5064442,4.6028,ETH,0x0000000000000000000000000000000000000000,,14880.09289,Wallet,0
0x19ffe51e102a557263314548e510bd13b46fa66e5ca8e9c819842a7a5b2a480a,2022-04-08 13:44:44 +0000,0x36983f0dcbfcaa2b978eb0f34e53505cc0fb4d97,0xe54e434039c8e26b7d80a04e8e90b0cdc5064442,0.001,ETH,0x0000000000000000000000000000000000000000,,3.232834989,Wallet,0
0xc95b998e2f2c634d33106a27d920b79d92599dac092e692b01060da7e6b35364,2022-04-06 23:25:57 +0000,0x36983f0dcbfcaa2b978eb0f34e53505cc0fb4d97,0xb1cb098fa5aaa73f8f5dbc2f68dec6378eb41893,38080.1,USDT,0xdac17f958d2ee523a2206206994597c13d831ec7,ERC20,38096.07552,Wallet,0
0x98cb0f08ce40f025038a8040ffaf5785d2ce3a8543f6a2a3fde8cc74e7746b7b,2022-03-30 22:53:30 +0000,0x36983f0dcbfcaa2b978eb0f34e53505cc0fb4d97,0xaca096d2e6492d7380c5d8e70d90e13eecc72dd4,30500,USDC,0xa0b86991c6218b36c1d19d4a2e9eb0ce3606eb48,ERC20,30670.42839,Wallet,0
0xa3db7094ab7a8bb5218f2769a524ec78ceccee992e59bd05deda1054b066e26c,2022-03-21 23:37:09 +0000,0x36983f0dcbfcaa2b978eb0f34e53505cc0fb4d97,0x43fc6d501b97ae3368da8f8f28855eb41ab8f9e3,8740,USDC,0xa0b86991c6218b36c1d19d4a2e9eb0ce3606eb48,ERC20,8737.98872,Wallet,0
0xa271a5ff4af4718fcf9170fc0b48203eb033e79ceb6fecc4f1b3d0b985f55b65,2022-03-10 20:18:26 +0000,0x36983f0dcbfcaa2b978eb0f34e53505cc0fb4d97,0xb30e37fea38b250cc6ec61e26a8e9651af5db2bd,4.162,ETH,0x0000000000000000000000000000000000000000,,11366.57885,Wallet,0
0x56ddf8b11829d4bb76272e4ff8d07d614ffd74140d43ef14a05ec676f30ed6c4,2022-03-03 20:10:23 +0000,0x36983f0dcbfcaa2b978eb0f34e53505cc0fb4d97,0xfe53118fe724a05c507207f7155d3239d5fdc862,3479696,USDT,0xdac17f958d2ee523a2206206994597c13d831ec7,ERC20,3484437.276,Wallet,0
0x26b1650af2133ad4f3f39ac82414ed3ac7f5cd9be89b218898877423fc12a22e,2022-03-03 17:15:08 +0000,0x36983f0dcbfcaa2b978eb0f34e53505cc0fb4d97,0xfe53118fe724a05c507207f7155d3239d5fdc862,10,USDT,0xdac17f958d2ee523a2206206994597c13d831ec7,ERC20,10.01362555,Wallet,0
0xdf6cc324b17856da130e17d2efcfa38929e89915174f6ac840d3387a3895a32d,2022-02-23 20:35:51 +0000,0x36983f0dcbfcaa2b978eb0f34e53505cc0fb4d97,0x1f5d43dfd8f94016d845a1469a7605333ec61bce,8000,USDC,0xa0b86991c6218b36c1d19d4a2e9eb0ce3606eb48,ERC20,8015.621038,Smart Contract,0
0x3dcc6f477a48a4a7e2e72cc7e87e76141cac9c4d0775a0cf123acf591ff3d01f,2022-02-18 15:13:44 +0000,0x36983f0dcbfcaa2b978eb0f34e53505cc0fb4d97,0xef6e4855f8ea16f7edf120af461885097b37af92,1.6987,ETH,0x0000000000000000000000000000000000000000,,4894.996211,Wallet,0
0x49a228f88c17284bae13f1ed7b0de13b80b1dc94a4f11d7aa462cf4ed4089035,2022-02-12 00:18:39 +0000,0x36983f0dcbfcaa2b978eb0f34e53505cc0fb4d97,0xb772200d6258a344d4600e6e9aa21ea960b042c4,1.2273,ETH,0x0000000000000000000000000000000000000000,,3596.680178,Wallet,0
0x1707fec0cda37c69f7c957e1322e0126f724592011a43f24ed904db84b2186aa,2022-02-11 22:56:21 +0000,0x36983f0dcbfcaa2b978eb0f34e53505cc0fb4d97,0x7d956c3f522d3eddc326e10b9601d4535d404b81,1.1076,ETH,0x0000000000000000000000000000000000000000,,3413.525179,Wallet,0
0x11ad7e59eed3502b3a722464c015f2cdd88f5922102337ecd39fa2ae25ad7001,2022-02-11 22:07:19 +0000,0x36983f0dcbfcaa2b978eb0f34e53505cc0fb4d97,0x169ec664702bf5bdf110cdaa6ae2e09d72763e69,35.3196,ETH,0x0000000000000000000000000000000000000000,,108851.8815,Wallet,0
0x9c94e3fa0d870949916388bce0c355a2b32e716e27917e3b81140b88d3986113,2022-02-11 21:19:38 +0000,0x36983f0dcbfcaa2b978eb0f34e53505cc0fb4d97,0x1872fdcb5c3a2a18ae1d1d1167bbe0ea87994cb5,10.5373,ETH,0x0000000000000000000000000000000000000000,,32475.02607,Wallet,0
0x7ca0d616de39f903ea81c96f750775c67ddfb1d2410941870f315bdf5c250baa,2022-02-11 21:14:58 +0000,0x36983f0dcbfcaa2b978eb0f34e53505cc0fb4d97,0xb1f4c88218ae99caaf3c55cc759e8327c3df9489,81.3511,ETH,0x0000000000000000000000000000000000000000,,250716.8908,Wallet,0
0x765aef7f9bfe3746a5fe998997532f774a390cde0786c52edf26085552bf4e49,2022-02-11 20:51:14 +0000,0x36983f0dcbfcaa2b978eb0f34e53505cc0fb4d97,0x6576faa533dc446148e80dcfa5a4ffa874bdb1a6,20.8212,ETH,0x0000000000000000000000000000000000000000,,64169.09576,Wallet,0
0xdcb0a57f9295ec563fff57e71479fb43f85bae8c5a39b10a957dbc7bd3b9cb5c,2022-02-11 20:44:26 +0000,0x36983f0dcbfcaa2b978eb0f34e53505cc0fb4d97,0x4ce0bddde2c4cedd6f60ecdced023909b518db1c,39.3863,ETH,0x0000000000000000000000000000000000000000,,121385.091,Wallet,0
0x9da2afe6a716ef89d55644dc8eb259b797c79d412f2d478f7c86e2de852d8f07,2022-02-09 16:03:19 +0000,0x36983f0dcbfcaa2b978eb0f34e53505cc0fb4d97,0xb1cb098fa5aaa73f8f5dbc2f68dec6378eb41893,31896.60951,USDT,0xdac17f958d2ee523a2206206994597c13d831ec7,ERC20,31949.4484,Wallet,0
0x118948a07560fcc26978a0acce451bf9dd014847669c9082d5eed39cb4c20b8d,2022-02-01 13:59:37 +0000,0x36983f0dcbfcaa2b978eb0f34e53505cc0fb4d97,0x7c502374248134cb5346e126b33a021c337b8b18,15.0196,ETH,0x0000000000000000000000000000000000000000,,40391.02174,Wallet,0
0xcba0378e9c1a67dac236037cd0128b9cec1c2809cad58c6122d87d13ce67aeec,2022-01-26 22:11:11 +0000,0x36983f0dcbfcaa2b978eb0f34e53505cc0fb4d97,0xef0632a576f5cab36d96a45ded7e45e6bfba4b02,40.6126,ETH,0x0000000000000000000000000000000000000000,,100118.9625,Wallet,0
0x85eb26c2f98dfdf027d59e5e738ab6eb7a1304f996ffdc0e1a4d4b72e9adb4d9,2022-01-26 17:26:32 +0000,0x36983f0dcbfcaa2b978eb0f34e53505cc0fb4d97,0xadc9f40ad2d2bcdc3274ce13396fe4d46232ab1f,4,ETH,0x0000000000000000000000000000000000000000,,9860.876919,Wallet,0
0xb6b4dcf7f627852a539f31fe18c830aac3bbc8b7f77de2550a0e62ab77105de9,2022-01-21 20:28:36 +0000,0x36983f0dcbfcaa2b978eb0f34e53505cc0fb4d97,0xb30e37fea38b250cc6ec61e26a8e9651af5db2bd,3.5819,ETH,0x0000000000000000000000000000000000000000,,10801.53744,Wallet,0
0xa1b8c496c64ecf62205bfef8a0cb3e7d2f60bc87d4a52e59c6cee6d704bf4a7a,2022-01-17 19:02:31 +0000,0x36983f0dcbfcaa2b978eb0f34e53505cc0fb4d97,0x5f70bfa8e22499c1560ec271349cc5c362febfca,22840,USDT,0xdac17f958d2ee523a2206206994597c13d831ec7,ERC20,22840.50189,Smart Contract,0
0xf449b4300eb00850497abc0147d65e9660b02aa50619d792d802bf4ab7cfe914,2022-01-14 20:34:07 +0000,0x36983f0dcbfcaa2b978eb0f34e53505cc0fb4d97,0xef0632a576f5cab36d96a45ded7e45e6bfba4b02,146.4731,ETH,0x0000000000000000000000000000000000000000,,477027.5671,Wallet,0
0xbde560c3714aa0ce8873ab6073a238411cf40ddacd7bc7bd449e0e132efa24f5,2022-01-14 20:33:02 +0000,0x36983f0dcbfcaa2b978eb0f34e53505cc0fb4d97,0x7c502374248134cb5346e126b33a021c337b8b18,3.3333,ETH,0x0000000000000000000000000000000000000000,,10855.75433,Wallet,0
0x4384d101240020be443e9d4c364aa9fb3c498c108280a6af1a22acc04f9a2b8b,2022-01-11 22:03:41 +0000,0x36983f0dcbfcaa2b978eb0f34e53505cc0fb4d97,0x58772f6d90bfde7605ecc4767ab3b4c1a2009b05,7.7399,ETH,0x0000000000000000000000000000000000000000,,23890.97381,Wallet,0
0x3e9abf5ab6bfa44095d8b2a93054b55ac33394eb4691867df977d49c21b3a33b,2022-01-06 22:14:57 +0000,0x36983f0dcbfcaa2b978eb0f34e53505cc0fb4d97,0xadc9f40ad2d2bcdc3274ce13396fe4d46232ab1f,5.7877,ETH,0x0000000000000000000000000000000000000000,,20586.30617,Wallet,0
0xded193e6ec0c7541f682002b29cf6515c20c77f9055d91503c138c11ef75bab6,2022-01-06 18:21:47 +0000,0x36983f0dcbfcaa2b978eb0f34e53505cc0fb4d97,0x83236a85bd8f7ca9d8c47da2846dc381bc9e4afa,150000,USDC,0xa0b86991c6218b36c1d19d4a2e9eb0ce3606eb48,ERC20,150331.0907,Wallet,0
0x1f28fdfccc2d5324c0ff2d3de0ad83dc54a17cee32a5e861d0ceac4fa17fd499,2021-12-30 23:04:01 +0000,0x36983f0dcbfcaa2b978eb0f34e53505cc0fb4d97,0x377af68f5d1c452a715c284cf7e054390c70f30f,2.13,ETH,0x0000000000000000000000000000000000000000,,7762.583751,Wallet,0
0x94eb1d71ed2683bddabe4c6897394622358242a23288ae3f318fa7e9992634c7,2021-12-28 21:36:50 +0000,0x36983f0dcbfcaa2b978eb0f34e53505cc0fb4d97,0x02ea8c677a90fb11bf4f5bc7976d325f94d93bc2,1,ETH,0x0000000000000000000000000000000000000000,,4045.05135,Wallet,0
0xe00afb9d08d8d6ebeb5aaffd2dd3125c566acc210f6edd623b8c97480a7ee6e4,2021-12-28 21:00:06 +0000,0x36983f0dcbfcaa2b978eb0f34e53505cc0fb4d97,0x8b8d1b9883c7fb9ee727475d4268c9c930bb14d2,12.0289,ETH,0x0000000000000000000000000000000000000000,,48657.51819,Smart Contract,0
0xefac63e502c6cc5c97280ec61f8d9ca08b430ed81a8aff1c3ae19f52b58363eb,2021-12-28 20:48:03 +0000,0x36983f0dcbfcaa2b978eb0f34e53505cc0fb4d97,0x8b8d1b9883c7fb9ee727475d4268c9c930bb14d2,1,ETH,0x0000000000000000000000000000000000000000,,4045.05135,Smart Contract,0
0xb3f56515f2d914918cdac336aea8ae904826dd558eede22c1b8a65d5a14e4d51,2021-12-27 14:25:33 +0000,0x36983f0dcbfcaa2b978eb0f34e53505cc0fb4d97,0xef0632a576f5cab36d96a45ded7e45e6bfba4b02,23.7425,ETH,0x0000000000000000000000000000000000000000,,96751.43821,Wallet,0
0xdec03c9824f7ef52759695811ca71a822e16ba676536bc53995dc485a8480dbd,2021-12-24 00:25:54 +0000,0x36983f0dcbfcaa2b978eb0f34e53505cc0fb4d97,0xef0632a576f5cab36d96a45ded7e45e6bfba4b02,0.001,ETH,0x0000000000000000000000000000000000000000,,4.113529932,Wallet,0
0x0dd0aefa009f5661106c0a2682153d0d1aee54f9dd72849596c608da0e93b33b,2021-12-23 21:30:43 +0000,0x36983f0dcbfcaa2b978eb0f34e53505cc0fb4d97,0xb1cb098fa5aaa73f8f5dbc2f68dec6378eb41893,130000,USDT,0xdac17f958d2ee523a2206206994597c13d831ec7,ERC20,130398.2956,Wallet,0
0x3fffcf51d6a3d3348939bf570b18afc417cfd084a303abfdf7da57e086caea40,2021-12-21 23:16:51 +0000,0x36983f0dcbfcaa2b978eb0f34e53505cc0fb4d97,0xa25381a482d9f9f4fd33cbb0ae11c647df0bc840,6.1441,ETH,0x0000000000000000000000000000000000000000,,24272.15886,Wallet,0
0xa60908a529cc76ed5e68c9891b1d4c3e4a6b475d54168b3b46248751be55ee9a,2021-12-15 14:22:05 +0000,0x36983f0dcbfcaa2b978eb0f34e53505cc0fb4d97,0xadc9f40ad2d2bcdc3274ce13396fe4d46232ab1f,4.7419,ETH,0x0000000000000000000000000000000000000000,,18295.03009,Wallet,0
0xa547bf8b0101854481433dbfb0a37a434e916c8d4b645dd2dfc6ea9cf341300a,2021-12-10 18:41:58 +0000,0x36983f0dcbfcaa2b978eb0f34e53505cc0fb4d97,0xaca096d2e6492d7380c5d8e70d90e13eecc72dd4,101166.88,USDC,0xa0b86991c6218b36c1d19d4a2e9eb0ce3606eb48,ERC20,100930.5766,Wallet,0
0xb51ba83aeca0e4ce9289f7166772814aed07c327af4a589f49d71ec844728dc4,2021-12-10 16:05:55 +0000,0x36983f0dcbfcaa2b978eb0f34e53505cc0fb4d97,0xb1cb098fa5aaa73f8f5dbc2f68dec6378eb41893,23700,USDC,0xa0b86991c6218b36c1d19d4a2e9eb0ce3606eb48,ERC20,23644.64207,Wallet,0
0x3394eebe8ab49ef967f3fafc9d57b38a9d6bbaff157e345ae305c24d127204f2,2021-12-09 22:52:57 +0000,0x36983f0dcbfcaa2b978eb0f34e53505cc0fb4d97,0xadc9f40ad2d2bcdc3274ce13396fe4d46232ab1f,6.952,ETH,0x0000000000000000000000000000000000000000,,30808.07058,Wallet,0
0x97b6c9cb6fb91a899cdd24a4719970f8e6f8fe7fa21bff2d49e7e900a3915bfc,2021-12-08 14:42:48 +0000,0x36983f0dcbfcaa2b978eb0f34e53505cc0fb4d97,0x1a8d45ebf75d2de8a3feb261e1c9e789fcd1b1d5,5.7922,ETH,0x0000000000000000000000000000000000000000,,24967.66413,Wallet,0
0x311fe3f8db3a29ac5a9bfc513a69b25cf6e377b65954925978fb81f326e3b581,2021-12-08 14:41:11 +0000,0x36983f0dcbfcaa2b978eb0f34e53505cc0fb4d97,0xce9122210b65da0bded0b714e2777a7aa94709e2,5.13,ETH,0x0000000000000000000000000000000000000000,,22113.2069,Wallet,0
0xefe771fdc00a1504fc5965f74f181ef9123098c70137b866ed5e7ef2c186e3a9,2021-12-08 14:40:08 +0000,0x36983f0dcbfcaa2b978eb0f34e53505cc0fb4d97,0xdab003d34974e1aa1339f91d1085c7456e0d0bbb,5.2311,ETH,0x0000000000000000000000000000000000000000,,22549.00518,Wallet,0
0xfebfca7213b4e555055abc5c11dbe8560c61a09cf41a9dbf7c4f0d057fe03cf3,2021-12-08 14:08:35 +0000,0x36983f0dcbfcaa2b978eb0f34e53505cc0fb4d97,0x1a8d45ebf75d2de8a3feb261e1c9e789fcd1b1d5,5.7922,ETH,0x0000000000000000000000000000000000000000,,24967.66413,Wallet,0
0x5ea4012c7c29740fcff0458dc3489f864397986995e073dbfbe50f66657d2006,2021-12-08 14:08:35 +0000,0x36983f0dcbfcaa2b978eb0f34e53505cc0fb4d97,0xfb3efd2b6943c1337dbcfa85fec00e19160de33b,4,ETH,0x0000000000000000000000000000000000000000,,17242.26659,Wallet,0
0x3efb5cda40fae97c75dd8d74b0d866e23dedd1a4bdf9dbd7a6807a0a3d814291,2021-12-08 14:06:15 +0000,0x36983f0dcbfcaa2b978eb0f34e53505cc0fb4d97,0x1a8d45ebf75d2de8a3feb261e1c9e789fcd1b1d5,0.001,ETH,0x0000000000000000000000000000000000000000,,4.310566646,Wallet,0
0x26e35bc32642aed8b7091d47887c3f7f8454e5535a28abaecb0f366c3840d2bc,2021-12-06 18:30:08 +0000,0x36983f0dcbfcaa2b978eb0f34e53505cc0fb4d97,0x83236a85bd8f7ca9d8c47da2846dc381bc9e4afa,250000,USDC,0xa0b86991c6218b36c1d19d4a2e9eb0ce3606eb48,ERC20,250501.2526,Wallet,0
0xec29844dcd94992ece4ba29dcf71c26d2b591f51a073fc7519f672da1c37281e,2021-12-06 15:57:24 +0000,0x36983f0dcbfcaa2b978eb0f34e53505cc0fb4d97,0xaca096d2e6492d7380c5d8e70d90e13eecc72dd4,126430,USDT,0xdac17f958d2ee523a2206206994597c13d831ec7,ERC20,126616.83,Wallet,0
0x525b3dcab6b721d90f43ee117de62698f7fcd43beb33339a1cc1d8f5a3e0b4ee,2021-11-30 17:59:35 +0000,0x36983f0dcbfcaa2b978eb0f34e53505cc0fb4d97,0x545cbf19d071e74c90bc1c141ac8d07e491ae85c,6000,USDC,0xa0b86991c6218b36c1d19d4a2e9eb0ce3606eb48,ERC20,6004.700535,Wallet,0
0x4301e5bc21a499f3a1da47650c40caa221d9ac23400a0bf2d0944c2e69030475,2021-11-26 22:55:24 +0000,0x36983f0dcbfcaa2b978eb0f34e53505cc0fb4d97,0xaca096d2e6492d7380c5d8e70d90e13eecc72dd4,216611.22,USDT,0xdac17f958d2ee523a2206206994597c13d831ec7,ERC20,216840.0795,Wallet,0
0xee610d0cc81515ef818a2dfc861d6ad87d7f6dad599942552e84f598fb3f755b,2021-11-26 21:46:01 +0000,0x36983f0dcbfcaa2b978eb0f34e53505cc0fb4d97,0xaca096d2e6492d7380c5d8e70d90e13eecc72dd4,54584.98,USDC,0xa0b86991c6218b36c1d19d4a2e9eb0ce3606eb48,ERC20,54570.61831,Wallet,0
0x093714c7307b25c833a710ecb44ad1cb73272973fbc06545ebea9f070bd166ca,2021-11-15 21:45:48 +0000,0x36983f0dcbfcaa2b978eb0f34e53505cc0fb4d97,0xaca096d2e6492d7380c5d8e70d90e13eecc72dd4,17.70494642,ETH,0x0000000000000000000000000000000000000000,,82380.18431,Wallet,0
0xff68aab3be7e70561e75bc32bc460fc481acd73fe69fe66d0661137ff5cc0349,2021-11-09 16:22:53 +0000,0x36983f0dcbfcaa2b978eb0f34e53505cc0fb4d97,0x830c8412e8639c81fe2d0545ee6cb82d461c67cd,24.1075,ETH,0x0000000000000000000000000000000000000000,,116077.7242,Wallet,0
0x6de2636923f19b2cca8e988b57a9e224d515a3e38fb52409ccbaef7b14a94a50,2021-11-09 00:20:28 +0000,0x36983f0dcbfcaa2b978eb0f34e53505cc0fb4d97,0x4e68e027d8f4760a83a9f92c5ead54f21e381a3b,5.1778,ETH,0x0000000000000000000000000000000000000000,,24931.131,Wallet,0
0x134614e2b13c7dd05eb4aca4ff28713275ef7466eeb23e96ff4ebbb06bb8f457,2021-11-03 17:49:50 +0000,0x36983f0dcbfcaa2b978eb0f34e53505cc0fb4d97,0xb1cb098fa5aaa73f8f5dbc2f68dec6378eb41893,20000,USDT,0xdac17f958d2ee523a2206206994597c13d831ec7,ERC20,20087.31631,Wallet,0
0x76089cb59666d44a039666e23007d4349791af662e10cb10ced31d0a6b064bba,2021-11-03 00:09:13 +0000,0x36983f0dcbfcaa2b978eb0f34e53505cc0fb4d97,0x511d5d43dbbf359ae5eb1dc8265ff7e014df7a06,6200,USDC,0xa0b86991c6218b36c1d19d4a2e9eb0ce3606eb48,ERC20,6205.226777,Wallet,0
