Transaction ID,Transaction Time,Block Time,Sender ID,Receiver ID,Receiver Type,Amount,Currency,Currency Hash,Currency Type,Amount [USD],Gas Price,Gas Limit,Gas Used,Gas Predicted,Balance In,Balance Out,Label,Risk Level
0x0ce9b5ce2bc9e3a93d300b9d1a7b39af448bd0321b0630fb02fd3f168c17f3f5,,2021-08-25 08:24:22 +0000,0xff0f573bdf4c23e41ea3ecd82efa66828706b711,0x5578840aae68682a9779623fa9e8714802b59946,Wallet,0.226653363,ETH,0x0000000000000000000000000000000000000000,,720.228185915805,8.200457255800002e-08,21000.0,21000,,,,1,
0x1fbd7e95928b7a022b3284b3db4809222c4dec0e0783b0fe9268183eaad48b80,,2021-08-21 09:53:23 +0000,0xff0f573bdf4c23e41ea3ecd82efa66828706b711,0x5578840aae68682a9779623fa9e8714802b59946,Wallet,367.0,ETH,0x0000000000000000000000000000000000000000,,1202647.930048104,2.6915645735e-08,21000.0,21000,,,,1,
0xa031b4fe91be1f2bd0f7d7d3fbe2759b9e8f304133f887461f73329c1a8722ce,,2021-08-21 09:51:28 +0000,0xff0f573bdf4c23e41ea3ecd82efa66828706b711,0x5aaa28ca43c6646fd1403e508f0fca1d92357dde,DEX,400506.05,LCX,0x037a54aab062628c9bbae1fdb1583c195585fe41,ERC20,16765.651140298705,1.9964895556e-08,221338.0,153923,,,,0,
0x99f87194c8227f9153ec41676d34c3ccca4234f05de9592737d7d7fa8c0e64d1,,2021-08-21 09:51:05 +0000,0xff0f573bdf4c23e41ea3ecd82efa66828706b711,0x5aaa28ca43c6646fd1403e508f0fca1d92357dde,DEX,300000.0,LCX,0x037a54aab062628c9bbae1fdb1583c195585fe41,ERC20,12558.350472083035,2.0670737506000002e-08,216253.0,129425,,,,0,
0xb455db01433b9677a0d8fd0f4e677de0d0f71a1772cebacf3f20c4e180088770,,2021-08-21 09:50:02 +0000,0xff0f573bdf4c23e41ea3ecd82efa66828706b711,0x5aaa28ca43c6646fd1403e508f0fca1d92357dde,DEX,300000.0,LCX,0x037a54aab062628c9bbae1fdb1583c195585fe41,ERC20,12558.350472083035,2.2511993634000003e-08,221365.0,163114,,,,0,
0x5bf2cd8f231d8e74fe9c1bb7c49183d472b885b4db75f93fb04b6a6df98791a1,,2021-08-21 09:49:06 +0000,0xff0f573bdf4c23e41ea3ecd82efa66828706b711,0x5aaa28ca43c6646fd1403e508f0fca1d92357dde,DEX,200000.0,LCX,0x037a54aab062628c9bbae1fdb1583c195585fe41,ERC20,8372.233648055357,2.4127804136e-08,216024.0,158715,,,,0,
0x4d1892c36417864ff92f9b01b8b22b917547065d5a2b8a4d1b6f849266b708a3,,2021-08-21 09:47:40 +0000,0xff0f573bdf4c23e41ea3ecd82efa66828706b711,0x5aaa28ca43c6646fd1403e508f0fca1d92357dde,DEX,200000.0,LCX,0x037a54aab062628c9bbae1fdb1583c195585fe41,ERC20,8372.233648055357,2.3019760969e-08,179661.0,132237,,,,0,
0xa9d202e24e3e503e77ed69b469a2b01a0154272010f2af6d6d47253b9566709e,,2021-08-21 09:46:01 +0000,0xff0f573bdf4c23e41ea3ecd82efa66828706b711,0x5aaa28ca43c6646fd1403e508f0fca1d92357dde,DEX,200000.0,LCX,0x037a54aab062628c9bbae1fdb1583c195585fe41,ERC20,8372.233648055357,2.3698456094e-08,221346.0,128361,,,,0,
0x6a22ed8d5aa5d74f137a9cf6cbe3159f70b30681f0df5bf3e4f4e58e5b01f1b1,,2021-08-21 09:45:20 +0000,0xff0f573bdf4c23e41ea3ecd82efa66828706b711,0x5aaa28ca43c6646fd1403e508f0fca1d92357dde,DEX,200000.0,LCX,0x037a54aab062628c9bbae1fdb1583c195585fe41,ERC20,8372.233648055357,2.9354531814e-08,185426.0,133165,,,,0,
0xefe7818a09403954d007fc8383886de7c5c579c4bbddb37c8116e49643a1e9e6,,2021-08-21 09:41:55 +0000,0xff0f573bdf4c23e41ea3ecd82efa66828706b711,0x5aaa28ca43c6646fd1403e508f0fca1d92357dde,DEX,100000.0,LCX,0x037a54aab062628c9bbae1fdb1583c195585fe41,ERC20,4186.116824027678,2.6112607622e-08,214956.0,162154,,,,0,
0xa60f55a0380cc5093e7eeb5d125138488464fa902c1a8942159f426cebcf6512,,2021-08-21 09:38:37 +0000,0xff0f573bdf4c23e41ea3ecd82efa66828706b711,0x5aaa28ca43c6646fd1403e508f0fca1d92357dde,DEX,200000.0,LCX,0x037a54aab062628c9bbae1fdb1583c195585fe41,ERC20,8372.233648055357,2.062148656e-08,221348.0,163088,,,,0,
0xcb9cc3bb40433180304586cd6d0ba1f3be0de59a3669bcb15f634c13132b88f8,,2021-08-21 09:35:08 +0000,0xff0f573bdf4c23e41ea3ecd82efa66828706b711,0x5aaa28ca43c6646fd1403e508f0fca1d92357dde,DEX,200000.0,LCX,0x037a54aab062628c9bbae1fdb1583c195585fe41,ERC20,8372.233648055357,1.922319366e-08,221346.0,163098,,,,0,
0xa45cfc57a5a1e579e8112b8f4fda0eb9ee393f58b3c898298a79b8be3ae6f9d6,,2021-08-21 09:34:39 +0000,0xff0f573bdf4c23e41ea3ecd82efa66828706b711,0x5aaa28ca43c6646fd1403e508f0fca1d92357dde,DEX,200000.0,LCX,0x037a54aab062628c9bbae1fdb1583c195585fe41,ERC20,8372.233648055357,2.4873024729000006e-08,179661.0,132237,,,,0,
0xd736f8d7b645c6473b59f7e4f7c6672d7d620c4c5e4980874f9b65893f39ab66,,2021-08-21 09:33:23 +0000,0xff0f573bdf4c23e41ea3ecd82efa66828706b711,0x5aaa28ca43c6646fd1403e508f0fca1d92357dde,DEX,200000.0,LCX,0x037a54aab062628c9bbae1fdb1583c195585fe41,ERC20,8372.233648055357,2.6223211432000002e-08,221300.0,163060,,,,0,
0xce4db73fdb143ab2287afdc741ecdfbc136d0f8fd997d3923cb44fd6466855fe,,2021-08-21 09:31:35 +0000,0xff0f573bdf4c23e41ea3ecd82efa66828706b711,0x5aaa28ca43c6646fd1403e508f0fca1d92357dde,DEX,200000.0,LCX,0x037a54aab062628c9bbae1fdb1583c195585fe41,ERC20,8372.233648055357,2.3574967064000003e-08,185431.0,133169,,,,0,
0x6f52cec82e72b278d789529859030c56ff03da1d3144524a6fa3439daa87e312,,2021-08-21 09:27:37 +0000,0xff0f573bdf4c23e41ea3ecd82efa66828706b711,0x5aaa28ca43c6646fd1403e508f0fca1d92357dde,DEX,200000.0,LCX,0x037a54aab062628c9bbae1fdb1583c195585fe41,ERC20,8372.233648055357,2.8939257316000002e-08,221343.0,163096,,,,0,
0x965ff211dd0c5eebfd8ad45d690db8a99401fd003e63b5dec2e8499247223400,,2021-08-21 09:25:47 +0000,0xff0f573bdf4c23e41ea3ecd82efa66828706b711,0x5aaa28ca43c6646fd1403e508f0fca1d92357dde,DEX,200000.0,LCX,0x037a54aab062628c9bbae1fdb1583c195585fe41,ERC20,8372.233648055357,2.966414042e-08,185445.0,133181,,,,0,
0xe63d7d715132417c2fc7ff7438fea5ed4435638147e492147464428cdbc60cd8,,2021-08-21 09:22:26 +0000,0xff0f573bdf4c23e41ea3ecd82efa66828706b711,0x5aaa28ca43c6646fd1403e508f0fca1d92357dde,DEX,100000.0,LCX,0x037a54aab062628c9bbae1fdb1583c195585fe41,ERC20,4186.116824027678,2.2746974794000003e-08,221341.0,163094,,,,0,
0x5bfdabfda1c07bbaf71ebd0317657959aad304e2f7f9199d49884cab87921306,,2021-08-21 09:20:54 +0000,0xff0f573bdf4c23e41ea3ecd82efa66828706b711,0x5aaa28ca43c6646fd1403e508f0fca1d92357dde,DEX,200000.0,LCX,0x037a54aab062628c9bbae1fdb1583c195585fe41,ERC20,8372.233648055357,2.8889630863000002e-08,221302.0,163062,,,,0,
0xc216063eea27231c1b262df096bef52c84f6b002c133829493b60b59c5140e51,,2021-08-21 09:10:19 +0000,0xff0f573bdf4c23e41ea3ecd82efa66828706b711,0x5aaa28ca43c6646fd1403e508f0fca1d92357dde,DEX,200000.0,LCX,0x037a54aab062628c9bbae1fdb1583c195585fe41,ERC20,8372.233648055357,3.2813821669e-08,184312.0,132237,,,,0,
0xc5e76f7a4fdbe011421934d0b0900215d2b075f43e3c2d9373ed9b976d491d31,,2021-08-21 09:04:37 +0000,0xff0f573bdf4c23e41ea3ecd82efa66828706b711,0x5aaa28ca43c6646fd1403e508f0fca1d92357dde,DEX,200000.0,LCX,0x037a54aab062628c9bbae1fdb1583c195585fe41,ERC20,8372.233648055357,3.4157495022e-08,221350.0,163112,,,,0,
0x2edaa506e8b5c4bc071628e06dd5d46542ca3ef4aa84cf384213fcf80bf00b83,,2021-08-21 08:59:54 +0000,0xff0f573bdf4c23e41ea3ecd82efa66828706b711,0x5aaa28ca43c6646fd1403e508f0fca1d92357dde,DEX,200000.0,LCX,0x037a54aab062628c9bbae1fdb1583c195585fe41,ERC20,8372.233648055357,3.1619547484000005e-08,221360.0,158691,,,,0,
0xddb8753387cc5a02fc99b68b04b10b5fbc888a4251f78b4243a5ffe24129a9bd,,2021-08-21 08:56:59 +0000,0xff0f573bdf4c23e41ea3ecd82efa66828706b711,0x5aaa28ca43c6646fd1403e508f0fca1d92357dde,DEX,200000.0,LCX,0x037a54aab062628c9bbae1fdb1583c195585fe41,ERC20,8372.233648055357,2.5873891884000002e-08,221350.0,163116,,,,0,
0xf5995b3f61aae057df940503ee43dbb8d5650a8c873c4592546137189340bbca,,2021-08-21 08:54:37 +0000,0xff0f573bdf4c23e41ea3ecd82efa66828706b711,0x5aaa28ca43c6646fd1403e508f0fca1d92357dde,DEX,200000.0,LCX,0x037a54aab062628c9bbae1fdb1583c195585fe41,ERC20,8372.233648055357,2.9956604366e-08,216110.0,158715,,,,0,
0x6ac5653a5be5b53217a6d1a7cfb526e4c43b6a0d8bda912833c3c488f5c51358,,2021-08-21 08:53:29 +0000,0xff0f573bdf4c23e41ea3ecd82efa66828706b711,0x5aaa28ca43c6646fd1403e508f0fca1d92357dde,DEX,300000.0,LCX,0x037a54aab062628c9bbae1fdb1583c195585fe41,ERC20,12558.350472083035,3.3728198259000003e-08,185460.0,133193,,,,0,
0x09f015299275e7ea535408d338117cb43116dfcedab66193e4baf866808f84d9,,2021-08-21 08:52:01 +0000,0xff0f573bdf4c23e41ea3ecd82efa66828706b711,0x5aaa28ca43c6646fd1403e508f0fca1d92357dde,DEX,300000.0,LCX,0x037a54aab062628c9bbae1fdb1583c195585fe41,ERC20,12558.350472083035,3.0941905506e-08,249805.0,181423,,,,0,
0x3617165dcde587a9f3fbbcb6e7bb3cc675a0f8995d1aebf97b12ec9c02bc87be,,2021-08-21 08:50:05 +0000,0xff0f573bdf4c23e41ea3ecd82efa66828706b711,0x5aaa28ca43c6646fd1403e508f0fca1d92357dde,DEX,200000.0,LCX,0x037a54aab062628c9bbae1fdb1583c195585fe41,ERC20,8372.233648055357,3.3640415676e-08,180956.0,133316,,,,0,
0x69b65bef737b3b5e31036385073befd585dcae6c091494fc42be918a2435754b,,2021-08-21 06:15:39 +0000,0xff0f573bdf4c23e41ea3ecd82efa66828706b711,0xe03e5f8ff282843c59ff91f5b6cedcc9742a9c40,DEX,200000.0,LCX,0x037a54aab062628c9bbae1fdb1583c195585fe41,ERC20,8372.233648055357,2.2718298517e-08,347044.0,248983,,,,0,
0xabf7ca844847ac652841ca54f7144141285a1701f9909229b7136a312b012ef3,,2021-08-21 06:14:56 +0000,0xff0f573bdf4c23e41ea3ecd82efa66828706b711,0x5aaa28ca43c6646fd1403e508f0fca1d92357dde,DEX,300000.0,LCX,0x037a54aab062628c9bbae1fdb1583c195585fe41,ERC20,12558.350472083035,2.3537829087000002e-08,185488.0,133217,,,,0,
0x3f54d4594432c5da92c1c82c93a71cdf256b0c0e1f6d4f98dc7fec65f482ce98,,2021-08-21 06:13:33 +0000,0xff0f573bdf4c23e41ea3ecd82efa66828706b711,0x5aaa28ca43c6646fd1403e508f0fca1d92357dde,DEX,300000.0,LCX,0x037a54aab062628c9bbae1fdb1583c195585fe41,ERC20,12558.350472083035,2.5911079895e-08,185455.0,133189,,,,0,
0x0ba892c7432fdf5556635925c021743e4603878ff8425261df6dab30f062111b,,2021-08-21 06:03:50 +0000,0xff0f573bdf4c23e41ea3ecd82efa66828706b711,0xe03e5f8ff282843c59ff91f5b6cedcc9742a9c40,DEX,300000.0,LCX,0x037a54aab062628c9bbae1fdb1583c195585fe41,ERC20,12558.350472083035,2.2252440435e-08,358724.0,251836,,,,0,
0x3e04c48ea5d0b6054de71b5a2938ea7d2ba0b04d5c6615cb01dc41f07b38865a,,2021-08-21 06:02:53 +0000,0xff0f573bdf4c23e41ea3ecd82efa66828706b711,0x5aaa28ca43c6646fd1403e508f0fca1d92357dde,DEX,300000.0,LCX,0x037a54aab062628c9bbae1fdb1583c195585fe41,ERC20,12558.350472083035,3.1334227705000005e-08,185544.0,133263,,,,0,
0x2acadb7d8d4183dd22ba804c8bc024913279a1ee480f506f139b0d04bdcd79e6,,2021-08-21 03:34:22 +0000,0xff0f573bdf4c23e41ea3ecd82efa66828706b711,0x5aaa28ca43c6646fd1403e508f0fca1d92357dde,DEX,200000.0,LCX,0x037a54aab062628c9bbae1fdb1583c195585fe41,ERC20,8372.233648055357,4.6310663491e-08,184312.0,132237,,,,0,
0xd792b3455e88c6001bc564108a09770f1265213cd034581c2c8697ad5a5c798c,,2021-08-21 03:32:01 +0000,0xff0f573bdf4c23e41ea3ecd82efa66828706b711,0xe03e5f8ff282843c59ff91f5b6cedcc9742a9c40,DEX,400000.0,LCX,0x037a54aab062628c9bbae1fdb1583c195585fe41,ERC20,16744.467296110714,2.9125216924000006e-08,477246.0,362324,,,,0,
0xd2f14e8b67948fa398e0ec58c3cb236abebf3c8ec97964332e5382e6d36995ae,,2021-08-21 03:30:38 +0000,0xff0f573bdf4c23e41ea3ecd82efa66828706b711,0x5aaa28ca43c6646fd1403e508f0fca1d92357dde,DEX,300000.0,LCX,0x037a54aab062628c9bbae1fdb1583c195585fe41,ERC20,12558.350472083035,3.6764571358e-08,185460.0,133193,,,,0,
0x9c41e802a9b4cfbdf70b14e9fed462af3a5bb948d79f24985425dcae8415b3d2,,2021-08-21 03:29:06 +0000,0xff0f573bdf4c23e41ea3ecd82efa66828706b711,0x5aaa28ca43c6646fd1403e508f0fca1d92357dde,DEX,200000.0,LCX,0x037a54aab062628c9bbae1fdb1583c195585fe41,ERC20,8372.233648055357,3.6513069152000006e-08,185544.0,133263,,,,0,
0xe8285126f4588b98e083f8b0f560b9b514a3be053c931bee4698d222e4cfde2d,,2021-08-21 03:27:27 +0000,0xff0f573bdf4c23e41ea3ecd82efa66828706b711,0xe03e5f8ff282843c59ff91f5b6cedcc9742a9c40,DEX,200000.0,LCX,0x037a54aab062628c9bbae1fdb1583c195585fe41,ERC20,8372.233648055357,3.4046150829e-08,345504.0,246663,,,,0,
0x5f868177ec9c0104309b33a66e1584f2e8bcb04957e195481d3d21fe6c2f373a,,2021-08-21 02:02:23 +0000,0xff0f573bdf4c23e41ea3ecd82efa66828706b711,0x5aaa28ca43c6646fd1403e508f0fca1d92357dde,DEX,200000.0,LCX,0x037a54aab062628c9bbae1fdb1583c195585fe41,ERC20,8372.233648055357,2.5565786080000002e-08,220243.0,162179,,,,0,
0xe9d9f5e140fc8d3e7acf2fecccf11db90783c376b4f878694fd55312d33ec43a,,2021-08-21 02:01:34 +0000,0xff0f573bdf4c23e41ea3ecd82efa66828706b711,0x5aaa28ca43c6646fd1403e508f0fca1d92357dde,DEX,100000.0,LCX,0x037a54aab062628c9bbae1fdb1583c195585fe41,ERC20,4186.116824027678,2.7332849996000002e-08,185457.0,133191,,,,0,
0x83aa572098f6656a02c68b337a61e023f84eb50c9e5ee4f95e293132e1d33b9b,,2021-08-21 01:59:39 +0000,0xff0f573bdf4c23e41ea3ecd82efa66828706b711,0x5aaa28ca43c6646fd1403e508f0fca1d92357dde,DEX,200000.0,LCX,0x037a54aab062628c9bbae1fdb1583c195585fe41,ERC20,8372.233648055357,2.2685102597000002e-08,184312.0,132237,,,,0,
0xf818cb7048390d62515c01d1230124e76eee42d709785906e4d7da42925856f0,,2021-08-21 01:59:27 +0000,0xff0f573bdf4c23e41ea3ecd82efa66828706b711,0xe03e5f8ff282843c59ff91f5b6cedcc9742a9c40,DEX,200000.0,LCX,0x037a54aab062628c9bbae1fdb1583c195585fe41,ERC20,8372.233648055357,2.5001625517000003e-08,348319.0,249009,,,,0,
0x03d1e573f84f272e4112ab01d81cfdd8157227a75c8d9ce12add03b3f68e6593,,2021-08-21 01:57:26 +0000,0xff0f573bdf4c23e41ea3ecd82efa66828706b711,0x5aaa28ca43c6646fd1403e508f0fca1d92357dde,DEX,200000.0,LCX,0x037a54aab062628c9bbae1fdb1583c195585fe41,ERC20,8372.233648055357,2.8941088045e-08,185412.0,133153,,,,0,
0x4ee38a50d5f910b22cc82cdd081e5eb0033862b001d445b4bdd4a190d90b8108,,2021-08-21 01:56:50 +0000,0xff0f573bdf4c23e41ea3ecd82efa66828706b711,0xe03e5f8ff282843c59ff91f5b6cedcc9742a9c40,DEX,200000.0,LCX,0x037a54aab062628c9bbae1fdb1583c195585fe41,ERC20,8372.233648055357,2.6960693981000003e-08,347085.0,249002,,,,0,
0xd3c3d7797792ce18a455fcf850b17fe2c2985e472ea71ce568a170cab26a1b59,,2021-08-21 00:08:43 +0000,0xff0f573bdf4c23e41ea3ecd82efa66828706b711,0x5aaa28ca43c6646fd1403e508f0fca1d92357dde,DEX,200000.0,LCX,0x037a54aab062628c9bbae1fdb1583c195585fe41,ERC20,8372.233648055357,3.0168952021e-08,185457.0,133191,,,,0,
0x1459d22d38bce142a198b365982726a1918c7d049c44354e126c0ca6a0db969e,,2021-08-21 00:08:40 +0000,0xff0f573bdf4c23e41ea3ecd82efa66828706b711,0xe03e5f8ff282843c59ff91f5b6cedcc9742a9c40,DEX,207000.0,LCX,0x037a54aab062628c9bbae1fdb1583c195585fe41,ERC20,8665.261825737294,2.7164164834e-08,315687.0,221813,,,,0,
0x44ff5cca00a9410a63ad8e0309d491245dd5db7ccd22820963bf75a0c7de8ec1,,2021-08-21 00:05:05 +0000,0xff0f573bdf4c23e41ea3ecd82efa66828706b711,0x5aaa28ca43c6646fd1403e508f0fca1d92357dde,DEX,200000.0,LCX,0x037a54aab062628c9bbae1fdb1583c195585fe41,ERC20,8372.233648055357,2.4365856382e-08,185431.0,133169,,,,0,
0xa3470059e7bda1f4e36284418a05bd43b0459721f340fd5de83cf6f64d167d39,,2021-08-20 23:59:12 +0000,0xff0f573bdf4c23e41ea3ecd82efa66828706b711,0xe03e5f8ff282843c59ff91f5b6cedcc9742a9c40,DEX,200000.0,LCX,0x037a54aab062628c9bbae1fdb1583c195585fe41,ERC20,8372.233648055357,2.5712652294e-08,348295.0,248944,,,,0,
0x147bcbf3f12ba2855804dd3228c71ba17bfc7124d8b31764909186d847abddb8,,2021-08-20 23:57:26 +0000,0xff0f573bdf4c23e41ea3ecd82efa66828706b711,0x5aaa28ca43c6646fd1403e508f0fca1d92357dde,DEX,200000.0,LCX,0x037a54aab062628c9bbae1fdb1583c195585fe41,ERC20,8372.233648055357,2.018449056e-08,185512.0,133237,,,,0,
0xc0e838f86de128abb45d72bad23b0aeeb7061858e51a4bd2631a0695c33ee54f,,2021-08-20 23:56:43 +0000,0xff0f573bdf4c23e41ea3ecd82efa66828706b711,0xe03e5f8ff282843c59ff91f5b6cedcc9742a9c40,DEX,200000.0,LCX,0x037a54aab062628c9bbae1fdb1583c195585fe41,ERC20,8372.233648055357,2.0315627094e-08,351692.0,249030,,,,0,
0x668992153570996cdfdd8a3797160e989b6340534e671ca56a1113cf4db50cc3,,2021-08-20 23:55:52 +0000,0xff0f573bdf4c23e41ea3ecd82efa66828706b711,0x5aaa28ca43c6646fd1403e508f0fca1d92357dde,DEX,200000.0,LCX,0x037a54aab062628c9bbae1fdb1583c195585fe41,ERC20,8372.233648055357,2.5169172451000003e-08,221442.0,163178,,,,0,
0x4a43c3810a4fc196b57510d018f31c5f2aa20ca28035c205b302acc7d86f6a05,,2021-08-20 23:49:09 +0000,0xff0f573bdf4c23e41ea3ecd82efa66828706b711,0xe03e5f8ff282843c59ff91f5b6cedcc9742a9c40,DEX,200000.0,LCX,0x037a54aab062628c9bbae1fdb1583c195585fe41,ERC20,8372.233648055357,2.9371826372000003e-08,348265.0,251760,,,,0,
0x83d7f4fe63d6323bb2dc2b4d55b3171e1ec842179a6fd869dc61ed09d772ff04,,2021-08-20 23:48:17 +0000,0xff0f573bdf4c23e41ea3ecd82efa66828706b711,0x5aaa28ca43c6646fd1403e508f0fca1d92357dde,DEX,200000.0,LCX,0x037a54aab062628c9bbae1fdb1583c195585fe41,ERC20,8372.233648055357,2.5798340432e-08,221469.0,163201,,,,0,
0x54fd61d4df5f0d6141c42910ded019dafb191616bb129622d7733590c4b4c863,,2021-08-20 23:47:34 +0000,0xff0f573bdf4c23e41ea3ecd82efa66828706b711,0xe03e5f8ff282843c59ff91f5b6cedcc9742a9c40,DEX,200000.0,LCX,0x037a54aab062628c9bbae1fdb1583c195585fe41,ERC20,8372.233648055357,2.4012764772e-08,309930.0,226741,,,,0,
0xa7a42b615eeb21b46038fe90541f721274187827c176abac37037ccd08536cae,,2021-08-20 23:46:44 +0000,0xff0f573bdf4c23e41ea3ecd82efa66828706b711,0x5aaa28ca43c6646fd1403e508f0fca1d92357dde,DEX,200000.0,LCX,0x037a54aab062628c9bbae1fdb1583c195585fe41,ERC20,8372.233648055357,2.4177105045e-08,220339.0,162259,,,,0,
0x073f2f270c16cc55d990231cbc70248433e57e31ecf64bbabf11a8e82b473e7d,,2021-08-20 23:45:10 +0000,0xff0f573bdf4c23e41ea3ecd82efa66828706b711,0xe03e5f8ff282843c59ff91f5b6cedcc9742a9c40,DEX,200000.0,LCX,0x037a54aab062628c9bbae1fdb1583c195585fe41,ERC20,8372.233648055357,2.5016053264e-08,312256.0,219036,,,,0,
0x68ddc1af722ae401133e63e3e95ec273392806a01535eac428630973dc27d4d7,,2021-08-20 23:43:05 +0000,0xff0f573bdf4c23e41ea3ecd82efa66828706b711,0x5aaa28ca43c6646fd1403e508f0fca1d92357dde,DEX,200000.0,LCX,0x037a54aab062628c9bbae1fdb1583c195585fe41,ERC20,8372.233648055357,2.8765427793e-08,220298.0,162225,,,,0,
0x8052777e9180764b4cfd9b205a8e14a1b20dffcb63b59e2dc30d68d4e2a7ae97,,2021-08-20 23:41:38 +0000,0xff0f573bdf4c23e41ea3ecd82efa66828706b711,0x5aaa28ca43c6646fd1403e508f0fca1d92357dde,DEX,200000.0,LCX,0x037a54aab062628c9bbae1fdb1583c195585fe41,ERC20,8372.233648055357,2.5153671867e-08,185626.0,129412,,,,0,
0xf89eb62cfd0ad0f41f5c7db93eee21822b5ff522b012217188cac9258dee2c9d,,2021-08-20 14:18:41 +0000,0xff0f573bdf4c23e41ea3ecd82efa66828706b711,0x5aaa28ca43c6646fd1403e508f0fca1d92357dde,DEX,200000.0,LCX,0x037a54aab062628c9bbae1fdb1583c195585fe41,ERC20,8372.233648055357,4.0587302647000004e-08,221545.0,163264,,,,0,
0x9614f0a3187eb12112a03daa72e99c25bc7ec0d7cc0a72631bd985d8a927522b,,2021-08-20 13:50:21 +0000,0xff0f573bdf4c23e41ea3ecd82efa66828706b711,0x5aaa28ca43c6646fd1403e508f0fca1d92357dde,DEX,200000.0,LCX,0x037a54aab062628c9bbae1fdb1583c195585fe41,ERC20,8372.233648055357,5.6535259209e-08,221499.0,163226,,,,0,
0x440cf44900ebabf0217090aca692bb070d6bd5950f63e608f3f94d0c765e08e6,,2021-08-20 13:16:08 +0000,0xff0f573bdf4c23e41ea3ecd82efa66828706b711,0x5aaa28ca43c6646fd1403e508f0fca1d92357dde,DEX,200000.0,LCX,0x037a54aab062628c9bbae1fdb1583c195585fe41,ERC20,8372.233648055357,3.4705984346000003e-08,221378.0,163125,,,,0,
0x3b316af83039da14eab1740dd030c240ee1bf58aa9ff26b6f5504202689d0d48,,2021-08-20 13:10:44 +0000,0xff0f573bdf4c23e41ea3ecd82efa66828706b711,0x5aaa28ca43c6646fd1403e508f0fca1d92357dde,DEX,200000.0,LCX,0x037a54aab062628c9bbae1fdb1583c195585fe41,ERC20,8372.233648055357,4.124471976800001e-08,185431.0,133169,,,,0,
0x8bcf20b63ec289148d6afe65b8be5db225dd372d5bcf86d89a2737a763e04654,,2021-08-20 11:09:12 +0000,0xff0f573bdf4c23e41ea3ecd82efa66828706b711,0x5aaa28ca43c6646fd1403e508f0fca1d92357dde,DEX,200000.0,LCX,0x037a54aab062628c9bbae1fdb1583c195585fe41,ERC20,8372.233648055357,2.6747326544e-08,221353.0,163104,,,,0,
0xf3c8e5486d931ee01d1bc1d1b16fcca214f2cfe1f3f4897320cb2b30c66cd7fa,,2021-08-20 11:08:31 +0000,0xff0f573bdf4c23e41ea3ecd82efa66828706b711,0x5aaa28ca43c6646fd1403e508f0fca1d92357dde,DEX,200000.0,LCX,0x037a54aab062628c9bbae1fdb1583c195585fe41,ERC20,8372.233648055357,2.2978310611e-08,185457.0,133191,,,,0,
0x981488d7f43a1ca42a547e9ca3b03106d7c81189ce66957f2ffb3da47ffff944,,2021-08-20 10:04:05 +0000,0xff0f573bdf4c23e41ea3ecd82efa66828706b711,0x5aaa28ca43c6646fd1403e508f0fca1d92357dde,DEX,200000.0,LCX,0x037a54aab062628c9bbae1fdb1583c195585fe41,ERC20,8372.233648055357,3.5551939105e-08,221562.0,163278,,,,0,
0x11e311dc04cc0e94ed081f2acdfee4a75c5778441e8c4b617918c9f3fe7a71ad,,2021-08-20 09:37:26 +0000,0xff0f573bdf4c23e41ea3ecd82efa66828706b711,0x5aaa28ca43c6646fd1403e508f0fca1d92357dde,DEX,200000.0,LCX,0x037a54aab062628c9bbae1fdb1583c195585fe41,ERC20,8372.233648055357,2.6560056167e-08,185619.0,162179,,,,0,
0x2f953534f314bfec6af9e58309c3f035d27da5e2978f17c55605d63a14cab1af,,2021-08-20 09:34:00 +0000,0xff0f573bdf4c23e41ea3ecd82efa66828706b711,0x5aaa28ca43c6646fd1403e508f0fca1d92357dde,DEX,200000.0,LCX,0x037a54aab062628c9bbae1fdb1583c195585fe41,ERC20,8372.233648055357,2.8819752387000003e-08,221325.0,163081,,,,0,
0xfd7db3dbcfda487985f399b58e4e1c0718d3f30b412f9974b91f6bf36cae0cb7,,2021-08-20 09:14:56 +0000,0xff0f573bdf4c23e41ea3ecd82efa66828706b711,0x5aaa28ca43c6646fd1403e508f0fca1d92357dde,DEX,200000.0,LCX,0x037a54aab062628c9bbae1fdb1583c195585fe41,ERC20,8372.233648055357,3.7364053261e-08,185457.0,133191,,,,0,
0xe9593a4764e75c575894f7980ae38a1c1eb4b41fda41af7f6cd3e33e4f515a8a,,2021-08-20 08:39:56 +0000,0xff0f573bdf4c23e41ea3ecd82efa66828706b711,0x5aaa28ca43c6646fd1403e508f0fca1d92357dde,DEX,200000.0,LCX,0x037a54aab062628c9bbae1fdb1583c195585fe41,ERC20,8372.233648055357,3.085852589e-08,184284.0,132213,,,,0,
0x2f9ebd895080de06f56d3e786c14faaaeda5bf350506130c301580b83551d219,,2021-08-20 08:28:54 +0000,0xff0f573bdf4c23e41ea3ecd82efa66828706b711,0x5aaa28ca43c6646fd1403e508f0fca1d92357dde,DEX,200000.0,LCX,0x037a54aab062628c9bbae1fdb1583c195585fe41,ERC20,8372.233648055357,3.8921710396e-08,185460.0,133193,,,,0,
0x0ad9b4758587592bd615fed6deaf2453a789f539cf549cf1b7d1208d7d1c07a2,,2021-08-20 08:25:40 +0000,0xff0f573bdf4c23e41ea3ecd82efa66828706b711,0x5aaa28ca43c6646fd1403e508f0fca1d92357dde,DEX,200000.0,LCX,0x037a54aab062628c9bbae1fdb1583c195585fe41,ERC20,8372.233648055357,3.7005592399e-08,185407.0,133149,,,,0,
0xf1c5cbbf535c6a5aa90f30e3d3954c5216343ac4ac79b09b42a768a2b62cfbd7,,2021-08-20 08:03:49 +0000,0xff0f573bdf4c23e41ea3ecd82efa66828706b711,0x5aaa28ca43c6646fd1403e508f0fca1d92357dde,DEX,200000.0,LCX,0x037a54aab062628c9bbae1fdb1583c195585fe41,ERC20,8372.233648055357,3.9035329781e-08,185448.0,133183,,,,0,
0x55a50ce113b7851a982e1197004970d081017f464569297ef330a8802b21774f,,2021-08-20 07:58:50 +0000,0xff0f573bdf4c23e41ea3ecd82efa66828706b711,0x5aaa28ca43c6646fd1403e508f0fca1d92357dde,DEX,200000.0,LCX,0x037a54aab062628c9bbae1fdb1583c195585fe41,ERC20,8372.233648055357,3.2932899546000004e-08,185451.0,133186,,,,0,
0x429aaa600ba2661cfdadad57c626009e930a96df70c3ad4b60e1d32650ef8f7e,,2021-08-20 07:48:38 +0000,0xff0f573bdf4c23e41ea3ecd82efa66828706b711,0x5aaa28ca43c6646fd1403e508f0fca1d92357dde,DEX,200000.0,LCX,0x037a54aab062628c9bbae1fdb1583c195585fe41,ERC20,8372.233648055357,4.3524024076000006e-08,185448.0,133183,,,,0,
0x2027441b9c33647dcafdc30d3a5b4cbaed21f8193fe46bf0701f8c3a5e9c17e4,,2021-08-20 07:43:01 +0000,0xff0f573bdf4c23e41ea3ecd82efa66828706b711,0xe03e5f8ff282843c59ff91f5b6cedcc9742a9c40,DEX,200000.0,LCX,0x037a54aab062628c9bbae1fdb1583c195585fe41,ERC20,8372.233648055357,4.5840569992e-08,358754.0,249039,,,,0,
0xe27d4344d03adf009d3dfb017e2274eda23911f4c33f859b950432d4cec8fe4c,,2021-08-20 07:41:06 +0000,0xff0f573bdf4c23e41ea3ecd82efa66828706b711,0x5aaa28ca43c6646fd1403e508f0fca1d92357dde,DEX,200000.0,LCX,0x037a54aab062628c9bbae1fdb1583c195585fe41,ERC20,8372.233648055357,4.0486863901e-08,185426.0,133165,,,,0,
0x6b2a2ed68cc4b1982495d4ee4b928ea6e7df1a4ef325c290de9a4e0df1a04527,,2021-08-20 07:39:44 +0000,0xff0f573bdf4c23e41ea3ecd82efa66828706b711,0x5aaa28ca43c6646fd1403e508f0fca1d92357dde,DEX,200000.0,LCX,0x037a54aab062628c9bbae1fdb1583c195585fe41,ERC20,8372.233648055357,3.9662761803e-08,221476.0,158812,,,,0,
0x9541003f54ed78b153f3191d1a0f169f482b5df74b974bf2289f1fe92e0aca52,,2021-08-20 07:39:14 +0000,0xff0f573bdf4c23e41ea3ecd82efa66828706b711,0xe03e5f8ff282843c59ff91f5b6cedcc9742a9c40,DEX,200000.0,LCX,0x037a54aab062628c9bbae1fdb1583c195585fe41,ERC20,8372.233648055357,4.5065290081e-08,348386.0,249030,,,,0,
0x19eec37de97678c9ce8add004a132844a301123cd8bf45c064d94202eef0e75c,,2021-08-20 07:36:51 +0000,0xff0f573bdf4c23e41ea3ecd82efa66828706b711,0x5aaa28ca43c6646fd1403e508f0fca1d92357dde,DEX,200000.0,LCX,0x037a54aab062628c9bbae1fdb1583c195585fe41,ERC20,8372.233648055357,3.8899022269000006e-08,185689.0,133384,,,,0,
0xba79ab288028a98939e1027db2bc7eed61d71f12ed151e31810ffc13331c7f36,,2021-08-20 07:36:38 +0000,0xff0f573bdf4c23e41ea3ecd82efa66828706b711,0x5aaa28ca43c6646fd1403e508f0fca1d92357dde,DEX,200000.0,LCX,0x037a54aab062628c9bbae1fdb1583c195585fe41,ERC20,8372.233648055357,4.249360332e-08,221570.0,163285,,,,0,
0xab7f3746c74f4a75a604dbd045c70b4094dcf68f259af6117b1eeb70a0fc5d85,,2021-08-20 07:33:18 +0000,0xff0f573bdf4c23e41ea3ecd82efa66828706b711,0xe03e5f8ff282843c59ff91f5b6cedcc9742a9c40,DEX,200000.0,LCX,0x037a54aab062628c9bbae1fdb1583c195585fe41,ERC20,8372.233648055357,3.1810790345000005e-08,312088.0,218817,,,,0,
0x7ca0a4572028ff00b461d92a47f6e827b8acb0d641f3ebc26474b54acedaed58,,2021-08-20 07:32:29 +0000,0xff0f573bdf4c23e41ea3ecd82efa66828706b711,0x5aaa28ca43c6646fd1403e508f0fca1d92357dde,DEX,200000.0,LCX,0x037a54aab062628c9bbae1fdb1583c195585fe41,ERC20,8372.233648055357,3.633897517e-08,221517.0,163241,,,,0,
0x596c520e5e6ed3f7a525e0062aabd26b44ebad3081aa7a514274eb243738af71,,2021-08-20 07:29:43 +0000,0xff0f573bdf4c23e41ea3ecd82efa66828706b711,0xe03e5f8ff282843c59ff91f5b6cedcc9742a9c40,DEX,200000.0,LCX,0x037a54aab062628c9bbae1fdb1583c195585fe41,ERC20,8372.233648055357,3.4649291171e-08,348318.0,249051,,,,0,
0xe386896f2f564da59f14d4ce10610b73aa163e0b1664f1d703f1de4307e47884,,2021-08-20 07:12:56 +0000,0xff0f573bdf4c23e41ea3ecd82efa66828706b711,0x5aaa28ca43c6646fd1403e508f0fca1d92357dde,DEX,200000.0,LCX,0x037a54aab062628c9bbae1fdb1583c195585fe41,ERC20,8372.233648055357,2.7726209693000006e-08,221529.0,163251,,,,0,
0xc27ce0eda5d7abc5a741c185b0c50d6ba574bf7d33d6fde3d7c65a499454e6ed,,2021-08-20 07:11:01 +0000,0xff0f573bdf4c23e41ea3ecd82efa66828706b711,0xe03e5f8ff282843c59ff91f5b6cedcc9742a9c40,DEX,200000.0,LCX,0x037a54aab062628c9bbae1fdb1583c195585fe41,ERC20,8372.233648055357,2.8356298506e-08,348244.0,248987,,,,0,
0x73bd68e7431f3d407010f5de7c350dd276e627cb01d21bd07b6b413e374cf679,,2021-08-20 07:09:58 +0000,0xff0f573bdf4c23e41ea3ecd82efa66828706b711,0x5aaa28ca43c6646fd1403e508f0fca1d92357dde,DEX,200000.0,LCX,0x037a54aab062628c9bbae1fdb1583c195585fe41,ERC20,8372.233648055357,2.9502801819000004e-08,221570.0,163285,,,,0,
0xc9b6001e963ce985df67d85a23070c42a53722905f85f51f47cde5a0eb7db012,,2021-08-20 06:55:33 +0000,0xff0f573bdf4c23e41ea3ecd82efa66828706b711,0x5aaa28ca43c6646fd1403e508f0fca1d92357dde,DEX,200000.0,LCX,0x037a54aab062628c9bbae1fdb1583c195585fe41,ERC20,8372.233648055357,3.2653434459e-08,185608.0,133317,,,,0,
0x9dd3ca3c12a7e4af0203d9d6f736643731ad16ad3365ea37af8f4e6705db61b8,,2021-08-20 06:53:15 +0000,0xff0f573bdf4c23e41ea3ecd82efa66828706b711,0xe03e5f8ff282843c59ff91f5b6cedcc9742a9c40,DEX,200000.0,LCX,0x037a54aab062628c9bbae1fdb1583c195585fe41,ERC20,8372.233648055357,3.0692146005000004e-08,312391.0,219069,,,,0,
0x3a4ce0fcc57354d234587e08ef7b6bae20be4aebaa64cf94e2c10c4b9d060d11,,2021-08-20 01:52:08 +0000,0xff0f573bdf4c23e41ea3ecd82efa66828706b711,0x5aaa28ca43c6646fd1403e508f0fca1d92357dde,DEX,200000.0,LCX,0x037a54aab062628c9bbae1fdb1583c195585fe41,ERC20,8372.233648055357,3.8488864442e-08,221560.0,163277,,,,0,
0x705f1af389cbcbd79965426a3e253e2830370e04d05578caf84f57cab0ac082b,,2021-08-20 01:33:50 +0000,0xff0f573bdf4c23e41ea3ecd82efa66828706b711,0x5aaa28ca43c6646fd1403e508f0fca1d92357dde,DEX,100000.0,LCX,0x037a54aab062628c9bbae1fdb1583c195585fe41,ERC20,4186.116824027678,4.9196117517000006e-08,185619.0,133326,,,,0,
0x27325c4c1a473f4de2ea97a88459c741d0f7c6b4f980157acb57dc7155974df6,,2021-08-20 01:27:58 +0000,0xff0f573bdf4c23e41ea3ecd82efa66828706b711,0x5aaa28ca43c6646fd1403e508f0fca1d92357dde,DEX,200000.0,LCX,0x037a54aab062628c9bbae1fdb1583c195585fe41,ERC20,8372.233648055357,3.9468210317e-08,185583.0,133296,,,,0,
0x891895e0b15ba45cc02b21405912d3e2345465f58c9bac930ca8972b9c23cf00,,2021-08-20 01:21:59 +0000,0xff0f573bdf4c23e41ea3ecd82efa66828706b711,0x5aaa28ca43c6646fd1403e508f0fca1d92357dde,DEX,200000.0,LCX,0x037a54aab062628c9bbae1fdb1583c195585fe41,ERC20,8372.233648055357,3.8284766890000004e-08,221359.0,163109,,,,0,
0x9909793f100c670fae4f75ff81f62e271fdd8197361481ce045eb27141041acf,,2021-08-20 01:11:33 +0000,0xff0f573bdf4c23e41ea3ecd82efa66828706b711,0x5aaa28ca43c6646fd1403e508f0fca1d92357dde,DEX,200000.0,LCX,0x037a54aab062628c9bbae1fdb1583c195585fe41,ERC20,8372.233648055357,4.099589996600001e-08,185481.0,133211,,,,0,
0xc4dd7d3a4fafc9bb56cd059bf52a3a64009620417784e6f7504e70e79ab87e04,,2021-08-20 00:57:26 +0000,0xff0f573bdf4c23e41ea3ecd82efa66828706b711,0xe03e5f8ff282843c59ff91f5b6cedcc9742a9c40,DEX,100000.0,LCX,0x037a54aab062628c9bbae1fdb1583c195585fe41,ERC20,4186.116824027678,3.4111283352e-08,369009.0,266251,,,,0,
0x6aa735b04e0adbf76bedfc98f47ddf3171ba3ceeed1a33568c14133af8919cc0,,2021-08-20 00:55:34 +0000,0xff0f573bdf4c23e41ea3ecd82efa66828706b711,0x5aaa28ca43c6646fd1403e508f0fca1d92357dde,DEX,600000.0,LCX,0x037a54aab062628c9bbae1fdb1583c195585fe41,ERC20,25116.70094416607,3.6304731892e-08,185448.0,133183,,,,0,
0xbf19b6d21154d91ac900305834dfd10e352d8b0926575a38ae4b419886d61710,,2021-08-20 00:53:57 +0000,0xff0f573bdf4c23e41ea3ecd82efa66828706b711,0x5aaa28ca43c6646fd1403e508f0fca1d92357dde,DEX,140000.0,LCX,0x037a54aab062628c9bbae1fdb1583c195585fe41,ERC20,5860.563553638749,3.6840169471e-08,185476.0,133209,,,,0,
0xa78da7a1cc24edaa9702aa0a9c1275251ff961322b5c968fae433b22194d2c9b,,2021-08-20 00:52:03 +0000,0xff0f573bdf4c23e41ea3ecd82efa66828706b711,0xe03e5f8ff282843c59ff91f5b6cedcc9742a9c40,DEX,200000.0,LCX,0x037a54aab062628c9bbae1fdb1583c195585fe41,ERC20,8372.233648055357,4.5804233626e-08,367623.0,268930,,,,0,
0x0e3c1a475a5252e4742fe2f50ca678b5499b48a40cd65dbb274d725e7d82b414,,2021-08-20 00:49:44 +0000,0xff0f573bdf4c23e41ea3ecd82efa66828706b711,0x5aaa28ca43c6646fd1403e508f0fca1d92357dde,DEX,200000.0,LCX,0x037a54aab062628c9bbae1fdb1583c195585fe41,ERC20,8372.233648055357,4.7403099637000004e-08,185428.0,133167,,,,0,
0xb57259c3e3863393174b56cd9f64bf1141287dcdb307ca48b1dbd716ffedab46,,2021-08-20 00:48:15 +0000,0xff0f573bdf4c23e41ea3ecd82efa66828706b711,0x5aaa28ca43c6646fd1403e508f0fca1d92357dde,DEX,200000.0,LCX,0x037a54aab062628c9bbae1fdb1583c195585fe41,ERC20,8372.233648055357,4.3892299945e-08,185397.0,133141,,,,0,
0xdbd51858982eb17a61856c1d1bcbe571fa0d3bc267758a364d5ac1c263ed7b88,,2021-08-20 00:46:34 +0000,0xff0f573bdf4c23e41ea3ecd82efa66828706b711,0x5aaa28ca43c6646fd1403e508f0fca1d92357dde,DEX,200000.0,LCX,0x037a54aab062628c9bbae1fdb1583c195585fe41,ERC20,8372.233648055357,4.1423314602e-08,221428.0,163167,,,,0,
0xa1856375ebbfeb7b75e8f45a209db8b46f3ce35cd42ca06736e0e9a1054ab96f,,2021-08-20 00:45:13 +0000,0xff0f573bdf4c23e41ea3ecd82efa66828706b711,0xe03e5f8ff282843c59ff91f5b6cedcc9742a9c40,DEX,200000.0,LCX,0x037a54aab062628c9bbae1fdb1583c195585fe41,ERC20,8372.233648055357,4.59580907e-08,348308.0,257691,,,,0,
0xb0f1cd10a85bc9a1069b8eebe9977132929f583eb55eba4fc6ebc98276b38f27,,2021-08-20 00:43:05 +0000,0xff0f573bdf4c23e41ea3ecd82efa66828706b711,0x5aaa28ca43c6646fd1403e508f0fca1d92357dde,DEX,200000.0,LCX,0x037a54aab062628c9bbae1fdb1583c195585fe41,ERC20,8372.233648055357,5.3605469292000014e-08,221460.0,163193,,,,0,
0xdcbf7d5deb148932820573855687e676837d823e5c1950c72c18b15c8d7bea10,,2021-08-20 00:32:00 +0000,0xff0f573bdf4c23e41ea3ecd82efa66828706b711,0x5aaa28ca43c6646fd1403e508f0fca1d92357dde,DEX,200000.0,LCX,0x037a54aab062628c9bbae1fdb1583c195585fe41,ERC20,8372.233648055357,3.8277003280000006e-08,220351.0,162269,,,,0,
0x665cc0a4984147b69f9eaed4fceb1327a32333a0fee783d08ae73fc919379cd1,,2021-08-20 00:31:01 +0000,0xff0f573bdf4c23e41ea3ecd82efa66828706b711,0xe03e5f8ff282843c59ff91f5b6cedcc9742a9c40,DEX,200000.0,LCX,0x037a54aab062628c9bbae1fdb1583c195585fe41,ERC20,8372.233648055357,4.4003528684000006e-08,312495.0,221943,,,,0,
0x383b1fd9d5dba36961ae9f265a218dcd8bfa468bd5e5c2745b6f7a21860c1d18,,2021-08-20 00:30:06 +0000,0xff0f573bdf4c23e41ea3ecd82efa66828706b711,0x5aaa28ca43c6646fd1403e508f0fca1d92357dde,DEX,200000.0,LCX,0x037a54aab062628c9bbae1fdb1583c195585fe41,ERC20,8372.233648055357,4.3241832603000006e-08,221570.0,163285,,,,0,
0x754065499f99092721122597ec5e890cb28c1410ed7dd874efdf3f7090c79d4a,,2021-08-20 00:29:17 +0000,0xff0f573bdf4c23e41ea3ecd82efa66828706b711,0xe03e5f8ff282843c59ff91f5b6cedcc9742a9c40,DEX,200000.0,LCX,0x037a54aab062628c9bbae1fdb1583c195585fe41,ERC20,8372.233648055357,3.764816043e-08,348445.0,249084,,,,0,
0x17c3b19e8b26ab2f187863ca063af0eb31ab6d8ae26db6aeefe43c1ef368cfe2,,2021-08-20 00:27:00 +0000,0xff0f573bdf4c23e41ea3ecd82efa66828706b711,0x5aaa28ca43c6646fd1403e508f0fca1d92357dde,DEX,300000.0,LCX,0x037a54aab062628c9bbae1fdb1583c195585fe41,ERC20,12558.350472083035,3.4610209735e-08,221481.0,163211,,,,0,
0x1bd2bfe491d89d30b531493f94a8bccc56c8f11e7494a8d3bb976f407b4edc17,,2021-08-20 00:24:07 +0000,0xff0f573bdf4c23e41ea3ecd82efa66828706b711,0xe03e5f8ff282843c59ff91f5b6cedcc9742a9c40,DEX,300000.0,LCX,0x037a54aab062628c9bbae1fdb1583c195585fe41,ERC20,12558.350472083035,4.4650070648000006e-08,348397.0,249074,,,,0,
0xc9e80d1a4e9b9652ed82fba12aa8f48e84c9f37d847349cf026e8479713357d0,,2021-08-20 00:19:09 +0000,0xff0f573bdf4c23e41ea3ecd82efa66828706b711,0xe03e5f8ff282843c59ff91f5b6cedcc9742a9c40,DEX,300000.0,LCX,0x037a54aab062628c9bbae1fdb1583c195585fe41,ERC20,12558.350472083035,3.4964221904000005e-08,322832.0,221910,,,,0,
0x07b4a16edb7f1b7c3c5da155a1fa9469d575b5e71d0d14bcf70259bf8cd393b4,,2021-08-20 00:14:08 +0000,0xff0f573bdf4c23e41ea3ecd82efa66828706b711,0x5aaa28ca43c6646fd1403e508f0fca1d92357dde,DEX,300000.0,LCX,0x037a54aab062628c9bbae1fdb1583c195585fe41,ERC20,12558.350472083035,3.7847775555e-08,185655.0,133356,,,,0,
0x782ab3261379b63faff4ddd238077f26aaec3115127b0be9e135fe93b54b1f23,,2021-08-20 00:13:03 +0000,0xff0f573bdf4c23e41ea3ecd82efa66828706b711,0xe03e5f8ff282843c59ff91f5b6cedcc9742a9c40,DEX,300000.0,LCX,0x037a54aab062628c9bbae1fdb1583c195585fe41,ERC20,12558.350472083035,3.4634386860000004e-08,312381.0,219067,,,,0,
0x2f20e92203cc5f3019540a3a98d660b9685c83ddf45ae53a405555fc08f6fea4,,2021-08-20 00:11:46 +0000,0xff0f573bdf4c23e41ea3ecd82efa66828706b711,0x5aaa28ca43c6646fd1403e508f0fca1d92357dde,DEX,300000.0,LCX,0x037a54aab062628c9bbae1fdb1583c195585fe41,ERC20,12558.350472083035,2.7417288293e-08,185638.0,133342,,,,0,
0x7ca459cf0280e1c496c56262b735660579ef16b0cbf865cf7dfaf0b460844152,,2021-08-20 00:07:57 +0000,0xff0f573bdf4c23e41ea3ecd82efa66828706b711,0xe03e5f8ff282843c59ff91f5b6cedcc9742a9c40,DEX,300000.0,LCX,0x037a54aab062628c9bbae1fdb1583c195585fe41,ERC20,12558.350472083035,3.1232443526e-08,322744.0,221807,,,,0,
0x95968ddff4f9360a39b500157095e88efd85397d4e5982ebf21feab8d89841f0,,2021-08-20 00:00:55 +0000,0xff0f573bdf4c23e41ea3ecd82efa66828706b711,0x5aaa28ca43c6646fd1403e508f0fca1d92357dde,DEX,300000.0,LCX,0x037a54aab062628c9bbae1fdb1583c195585fe41,ERC20,12558.350472083035,2.0864734310000003e-08,221520.0,163243,,,,0,
0xf0fefc49e88c92cc8eba3f44c2d823a3fc4432bb602cd8bbb594f0a616316039,,2021-08-19 23:54:22 +0000,0xff0f573bdf4c23e41ea3ecd82efa66828706b711,0xe03e5f8ff282843c59ff91f5b6cedcc9742a9c40,DEX,300000.0,LCX,0x037a54aab062628c9bbae1fdb1583c195585fe41,ERC20,11441.140922469853,2.3162862302e-08,312378.0,217999,,,,0,
0x2466ed13b3f675f6b55a8e4f2d8c58fabcbd9ae3d88079d52c0ea282f87fc345,,2021-08-19 23:52:15 +0000,0xff0f573bdf4c23e41ea3ecd82efa66828706b711,0x5aaa28ca43c6646fd1403e508f0fca1d92357dde,DEX,200000.0,LCX,0x037a54aab062628c9bbae1fdb1583c195585fe41,ERC20,7627.427281646567,2.0921639128e-08,220399.0,162309,,,,0,
0x6c382fc94f566513bb48e17ab45f8ccf7669229c4e3b952739091623758f9271,,2021-08-19 09:14:10 +0000,0xff0f573bdf4c23e41ea3ecd82efa66828706b711,0x5aaa28ca43c6646fd1403e508f0fca1d92357dde,DEX,100000.0,LCX,0x037a54aab062628c9bbae1fdb1583c195585fe41,ERC20,3813.713640823284,2.9219854107e-08,185628.0,133333,,,,0,
0x07becb6c3a84e883a913a31ed376bf71a665bbeebd09a963e4b026cb9a570b39,,2021-08-19 09:10:40 +0000,0xff0f573bdf4c23e41ea3ecd82efa66828706b711,0x5aaa28ca43c6646fd1403e508f0fca1d92357dde,DEX,200000.0,LCX,0x037a54aab062628c9bbae1fdb1583c195585fe41,ERC20,7627.427281646567,3.379576726e-08,185664.0,133363,,,,0,
0x7baa0a232638d5d1c6c606c87fda94a73f7c30e5e0fc4d72822adf3611ea8762,,2021-08-19 08:36:05 +0000,0xff0f573bdf4c23e41ea3ecd82efa66828706b711,0x5aaa28ca43c6646fd1403e508f0fca1d92357dde,DEX,200000.0,LCX,0x037a54aab062628c9bbae1fdb1583c195585fe41,ERC20,7627.427281646567,3.0008203779000004e-08,221491.0,163219,,,,0,
0x2b6d1dee47aad22c1006925a512e5a339042cbe6212c88a0e12cb6e584c7eb6f,,2021-08-19 08:23:49 +0000,0xff0f573bdf4c23e41ea3ecd82efa66828706b711,0x5aaa28ca43c6646fd1403e508f0fca1d92357dde,DEX,200000.0,LCX,0x037a54aab062628c9bbae1fdb1583c195585fe41,ERC20,7627.427281646567,3.5547081472e-08,220237.0,162174,,,,0,
0xa98ceb1831a5e56a9814bcfe9250a5db698ed02166484b7963ed699692606bf6,,2021-08-19 08:21:25 +0000,0xff0f573bdf4c23e41ea3ecd82efa66828706b711,0x5aaa28ca43c6646fd1403e508f0fca1d92357dde,DEX,200000.0,LCX,0x037a54aab062628c9bbae1fdb1583c195585fe41,ERC20,7627.427281646567,3.6474993002000005e-08,185440.0,133177,,,,0,
0x00e8bf148256de5edd828d3efaee32dbd3a17463b708c921bfe8268c75ea9649,,2021-08-19 08:19:58 +0000,0xff0f573bdf4c23e41ea3ecd82efa66828706b711,0x5aaa28ca43c6646fd1403e508f0fca1d92357dde,DEX,200000.0,LCX,0x037a54aab062628c9bbae1fdb1583c195585fe41,ERC20,7627.427281646567,3.3299141145000005e-08,185428.0,133149,,,,0,
0x73db161036656073b4cae779c223dddfe4a3e2d74ba45d2c5b30fc6e981c57cc,,2021-08-19 08:15:01 +0000,0xff0f573bdf4c23e41ea3ecd82efa66828706b711,0x5aaa28ca43c6646fd1403e508f0fca1d92357dde,DEX,200000.0,LCX,0x037a54aab062628c9bbae1fdb1583c195585fe41,ERC20,7627.427281646567,3.5960814227e-08,185594.0,133305,,,,0,
0x660c3754ca074921751dc946177002658ea5fe86c33f6e23d7eacc73cdb77ae1,,2021-08-19 08:10:10 +0000,0xff0f573bdf4c23e41ea3ecd82efa66828706b711,0x5aaa28ca43c6646fd1403e508f0fca1d92357dde,DEX,200000.0,LCX,0x037a54aab062628c9bbae1fdb1583c195585fe41,ERC20,7627.427281646567,3.4141339145000003e-08,221418.0,163120,,,,0,
0x47e3709e204411f414b13e2e8bf2fd13147c875886ac312296d9f7019743eeae,,2021-08-19 08:07:37 +0000,0xff0f573bdf4c23e41ea3ecd82efa66828706b711,0x5aaa28ca43c6646fd1403e508f0fca1d92357dde,DEX,200000.0,LCX,0x037a54aab062628c9bbae1fdb1583c195585fe41,ERC20,7627.427281646567,3.469939971e-08,221365.0,163114,,,,0,
0xa1b68b5ef48df0e86f78bca894b2e0b6036e38592e46b3c2dbd60401ced637db,,2021-08-19 08:05:30 +0000,0xff0f573bdf4c23e41ea3ecd82efa66828706b711,0x5aaa28ca43c6646fd1403e508f0fca1d92357dde,DEX,200000.0,LCX,0x037a54aab062628c9bbae1fdb1583c195585fe41,ERC20,7627.427281646567,2.9768160854000002e-08,185424.0,133163,,,,0,
0x61b3e67cac88382f1039884be27e6d47250a54680b7b16fee25bfe6885606bcb,,2021-08-19 08:03:59 +0000,0xff0f573bdf4c23e41ea3ecd82efa66828706b711,0x5aaa28ca43c6646fd1403e508f0fca1d92357dde,DEX,200000.0,LCX,0x037a54aab062628c9bbae1fdb1583c195585fe41,ERC20,7627.427281646567,3.2234797658000004e-08,185443.0,133179,,,,0,
0xf06a512bdfd24e451c7d6e2ecd5e7f7a71b6912a12857e3937f3f201930aec8c,,2021-08-19 08:02:23 +0000,0xff0f573bdf4c23e41ea3ecd82efa66828706b711,0x5aaa28ca43c6646fd1403e508f0fca1d92357dde,DEX,200000.0,LCX,0x037a54aab062628c9bbae1fdb1583c195585fe41,ERC20,7627.427281646567,3.3181322711e-08,220222.0,162162,,,,0,
0xf5336c2c522655cf42d7df00799f38ea5fbd7be88de7352437e679a0f2a754da,,2021-08-19 07:47:49 +0000,0xff0f573bdf4c23e41ea3ecd82efa66828706b711,0x5aaa28ca43c6646fd1403e508f0fca1d92357dde,DEX,200000.0,LCX,0x037a54aab062628c9bbae1fdb1583c195585fe41,ERC20,7627.427281646567,3.2369938126e-08,185412.0,133153,,,,0,
0x54d3795b9e9c836bd62939d6f24127020b48b4c428c1f368efe395ffca5a34b6,,2021-08-19 07:44:44 +0000,0xff0f573bdf4c23e41ea3ecd82efa66828706b711,0x5aaa28ca43c6646fd1403e508f0fca1d92357dde,DEX,200000.0,LCX,0x037a54aab062628c9bbae1fdb1583c195585fe41,ERC20,7627.427281646567,3.2178670524e-08,221353.0,163104,,,,0,
0x305c9e23a11b109cce0bb35fb75625edd0759268fc41ae425bf25e99bece51c2,,2021-08-19 07:18:29 +0000,0xff0f573bdf4c23e41ea3ecd82efa66828706b711,0x5aaa28ca43c6646fd1403e508f0fca1d92357dde,DEX,200000.0,LCX,0x037a54aab062628c9bbae1fdb1583c195585fe41,ERC20,7627.427281646567,2.3244931310000002e-08,185600.0,133310,,,,0,
0x09a0b91371c3cac3984316480c12cd83d8bb816ad20d0dd2fe1d2aa25007addc,,2021-08-19 07:15:38 +0000,0xff0f573bdf4c23e41ea3ecd82efa66828706b711,0x5aaa28ca43c6646fd1403e508f0fca1d92357dde,DEX,200000.0,LCX,0x037a54aab062628c9bbae1fdb1583c195585fe41,ERC20,7627.427281646567,3.0303128887e-08,185550.0,133268,,,,0,
0xa7813045a52bb0a3303b2aa92d82e02ab4ce5ba3e4ab8aab641ad6df4747d009,,2021-08-19 07:13:34 +0000,0xff0f573bdf4c23e41ea3ecd82efa66828706b711,0x5aaa28ca43c6646fd1403e508f0fca1d92357dde,DEX,200000.0,LCX,0x037a54aab062628c9bbae1fdb1583c195585fe41,ERC20,7627.427281646567,2.5653351179000006e-08,216066.0,163079,,,,0,
0xf84d48f90c39e2645186c52baffabac0192776b74c92ee7d391f232f0cd6f691,,2021-08-19 07:12:28 +0000,0xff0f573bdf4c23e41ea3ecd82efa66828706b711,0x5aaa28ca43c6646fd1403e508f0fca1d92357dde,DEX,100000.0,LCX,0x037a54aab062628c9bbae1fdb1583c195585fe41,ERC20,3813.713640823284,2.1388548909e-08,180808.0,133193,,,,0,
0x2c4030d8462e689d27f19cfd240397f27eca3a5abbafa2f22d3e13e17dc53be5,,2021-08-19 07:10:42 +0000,0xff0f573bdf4c23e41ea3ecd82efa66828706b711,0x5aaa28ca43c6646fd1403e508f0fca1d92357dde,DEX,200000.0,LCX,0x037a54aab062628c9bbae1fdb1583c195585fe41,ERC20,7627.427281646567,2.6948884041000006e-08,185440.0,133181,,,,0,
0xdecbb9fafc502be674f17d3a5c601cbd4a8433b2721ff241f15dc1b378b7fe42,,2021-08-19 07:08:31 +0000,0xff0f573bdf4c23e41ea3ecd82efa66828706b711,0x5aaa28ca43c6646fd1403e508f0fca1d92357dde,DEX,200000.0,LCX,0x037a54aab062628c9bbae1fdb1583c195585fe41,ERC20,7627.427281646567,2.5556126059000002e-08,180789.0,133177,,,,0,
0x4aed583e2655ecce31b7c00dfb5e7625e484d4951a6037fa6afde4063daee735,,2021-08-19 07:07:54 +0000,0xff0f573bdf4c23e41ea3ecd82efa66828706b711,0x5aaa28ca43c6646fd1403e508f0fca1d92357dde,DEX,200000.0,LCX,0x037a54aab062628c9bbae1fdb1583c195585fe41,ERC20,7627.427281646567,2.4350008780000003e-08,185378.0,133125,,,,0,
0x0c23778ceb8ff28bcd12d90e34749485edca62f8d306a55f7742d9bd148b50a0,,2021-08-19 07:06:02 +0000,0xff0f573bdf4c23e41ea3ecd82efa66828706b711,0x5aaa28ca43c6646fd1403e508f0fca1d92357dde,DEX,200000.0,LCX,0x037a54aab062628c9bbae1fdb1583c195585fe41,ERC20,7627.427281646567,2.0886847281000002e-08,221487.0,158777,,,,0,
0x29bfaa978ebecf47cd00accaecd422721cfd66990e87bdf6963ab756dc46a905,,2021-08-19 07:05:05 +0000,0xff0f573bdf4c23e41ea3ecd82efa66828706b711,0x5aaa28ca43c6646fd1403e508f0fca1d92357dde,DEX,200000.0,LCX,0x037a54aab062628c9bbae1fdb1583c195585fe41,ERC20,7627.427281646567,2.479992645e-08,221437.0,163174,,,,0,
0x6e6f3f41cb3e06b897aae07cc423be07600a629042349f1ef1f8d27b574a9b1b,,2021-08-19 07:02:30 +0000,0xff0f573bdf4c23e41ea3ecd82efa66828706b711,0x5aaa28ca43c6646fd1403e508f0fca1d92357dde,DEX,200000.0,LCX,0x037a54aab062628c9bbae1fdb1583c195585fe41,ERC20,7627.427281646567,2.4023438084000006e-08,221403.0,186790,,,,0,
0x17ff3a2ca2455f60afc752495fe9186c58da586bab1cb6de517ad5e2a381893f,,2021-08-19 07:01:22 +0000,0xff0f573bdf4c23e41ea3ecd82efa66828706b711,0x5aaa28ca43c6646fd1403e508f0fca1d92357dde,DEX,200000.0,LCX,0x037a54aab062628c9bbae1fdb1583c195585fe41,ERC20,7627.427281646567,1.9114010613000002e-08,220317.0,162241,,,,0,
0xc78a581b514b108957ae6abfb87bf9f4a32b25975a841728c10bac19f9cf61c7,,2021-08-19 06:57:59 +0000,0xff0f573bdf4c23e41ea3ecd82efa66828706b711,0x5aaa28ca43c6646fd1403e508f0fca1d92357dde,DEX,200000.0,LCX,0x037a54aab062628c9bbae1fdb1583c195585fe41,ERC20,7627.427281646567,2.6204308995e-08,221498.0,163225,,,,0,
0x6841170cef198e62b81248fd65add1ae68f457c2ca40cf605096fa1a423181b6,,2021-08-19 06:57:30 +0000,0xff0f573bdf4c23e41ea3ecd82efa66828706b711,0x5aaa28ca43c6646fd1403e508f0fca1d92357dde,DEX,200000.0,LCX,0x037a54aab062628c9bbae1fdb1583c195585fe41,ERC20,7627.427281646567,2.7311017274e-08,221494.0,163222,,,,0,
0x6a841232cd6437ec284fab95e4a3cdb691857afe7fbd34900b5ff6e55082a601,,2021-08-19 06:55:49 +0000,0xff0f573bdf4c23e41ea3ecd82efa66828706b711,0x5aaa28ca43c6646fd1403e508f0fca1d92357dde,DEX,200000.0,LCX,0x037a54aab062628c9bbae1fdb1583c195585fe41,ERC20,7627.427281646567,2.5941294514e-08,185626.0,133332,,,,0,
0x30efd3ba9c4eca039ab7dd0a52db40babd865978ea21d8c5c86b61b214b30f03,,2021-08-19 06:54:03 +0000,0xff0f573bdf4c23e41ea3ecd82efa66828706b711,0x5aaa28ca43c6646fd1403e508f0fca1d92357dde,DEX,200000.0,LCX,0x037a54aab062628c9bbae1fdb1583c195585fe41,ERC20,7627.427281646567,3.0844331319000004e-08,185614.0,133322,,,,0,
0x4b81b3ec93b1d583029f798824b232ccf18605f66624944b8d4539ae4bed3749,,2021-08-19 06:53:06 +0000,0xff0f573bdf4c23e41ea3ecd82efa66828706b711,0x5aaa28ca43c6646fd1403e508f0fca1d92357dde,DEX,200000.0,LCX,0x037a54aab062628c9bbae1fdb1583c195585fe41,ERC20,7627.427281646567,3.389642632e-08,185662.0,133362,,,,0,
0xe7e6f58d110afafcdc182f4959d5112db2ee3dc929f7397703b7e1923158ef67,,2021-08-19 06:50:03 +0000,0xff0f573bdf4c23e41ea3ecd82efa66828706b711,0x5aaa28ca43c6646fd1403e508f0fca1d92357dde,DEX,200000.0,LCX,0x037a54aab062628c9bbae1fdb1583c195585fe41,ERC20,7627.427281646567,3.4369599804000005e-08,180946.0,133308,,,,0,
0xf5a95c6cc1aff1c1dbec3b835382ebe596faebe8d8eadb97406c6dddd756a2b0,,2021-08-19 06:47:29 +0000,0xff0f573bdf4c23e41ea3ecd82efa66828706b711,0x5aaa28ca43c6646fd1403e508f0fca1d92357dde,DEX,200000.0,LCX,0x037a54aab062628c9bbae1fdb1583c195585fe41,ERC20,7627.427281646567,3.5356101545e-08,180906.0,133274,,,,0,
0x470d061e818471f58a89ebb3f761eaa7cc064756e3cbc42d78b1509a2b8f70d4,,2021-08-19 06:47:10 +0000,0xff0f573bdf4c23e41ea3ecd82efa66828706b711,0x5aaa28ca43c6646fd1403e508f0fca1d92357dde,DEX,200000.0,LCX,0x037a54aab062628c9bbae1fdb1583c195585fe41,ERC20,7627.427281646567,3.2005872591e-08,221508.0,163233,,,,0,
0xc429d50ced656b4f0a37a613c3b4e4ffcf8aaf5dbb88f3967042eb69c4f90054,,2021-08-19 06:46:20 +0000,0xff0f573bdf4c23e41ea3ecd82efa66828706b711,0x5aaa28ca43c6646fd1403e508f0fca1d92357dde,DEX,200000.0,LCX,0x037a54aab062628c9bbae1fdb1583c195585fe41,ERC20,7627.427281646567,3.1681749515000004e-08,221460.0,163193,,,,0,
0x5bd4da8cd9a9d0875994a22088a35afd58a29a760a7da101ca7c67c84e02ae49,,2021-08-19 05:00:44 +0000,0xff0f573bdf4c23e41ea3ecd82efa66828706b711,0x5aaa28ca43c6646fd1403e508f0fca1d92357dde,DEX,200000.0,LCX,0x037a54aab062628c9bbae1fdb1583c195585fe41,ERC20,7627.427281646567,2.5562922529e-08,185464.0,133197,,,,0,
0xbccfc01331d80cd64030ca0bf2f1359db0c04e223514c51f458058cc272009de,,2021-08-19 04:46:12 +0000,0xff0f573bdf4c23e41ea3ecd82efa66828706b711,0x5aaa28ca43c6646fd1403e508f0fca1d92357dde,DEX,200000.0,LCX,0x037a54aab062628c9bbae1fdb1583c195585fe41,ERC20,7627.427281646567,2.5273638474e-08,184312.0,132237,,,,0,
0xbe92145d5221da28f9b36568725dbe019d9ba4ba8b724d24bbaa3b095851b110,,2021-08-19 04:25:25 +0000,0xff0f573bdf4c23e41ea3ecd82efa66828706b711,0x5aaa28ca43c6646fd1403e508f0fca1d92357dde,DEX,200000.0,LCX,0x037a54aab062628c9bbae1fdb1583c195585fe41,ERC20,7627.427281646567,2.7599578357000002e-08,180780.0,133169,,,,0,
0xfe94ffada5b12626df1c8f83a79217e6675c985f4895b27b9ca0cb13b6c2cd10,,2021-08-19 04:23:54 +0000,0xff0f573bdf4c23e41ea3ecd82efa66828706b711,0x5aaa28ca43c6646fd1403e508f0fca1d92357dde,DEX,200000.0,LCX,0x037a54aab062628c9bbae1fdb1583c195585fe41,ERC20,7627.427281646567,3.1277704951000003e-08,184312.0,132237,,,,0,
0x5dff0c4036d4fab437371a13171e8104581891af0e27660fd37455bbcf685662,,2021-08-19 04:14:43 +0000,0xff0f573bdf4c23e41ea3ecd82efa66828706b711,0x5aaa28ca43c6646fd1403e508f0fca1d92357dde,DEX,200000.0,LCX,0x037a54aab062628c9bbae1fdb1583c195585fe41,ERC20,7627.427281646567,3.0376270326e-08,184312.0,132237,,,,0,
0xa525bd7359bf5c644b27eb9cec0732ba35126b7b457120f90ac1962642b95329,,2021-08-19 04:13:49 +0000,0xff0f573bdf4c23e41ea3ecd82efa66828706b711,0x5aaa28ca43c6646fd1403e508f0fca1d92357dde,DEX,200000.0,LCX,0x037a54aab062628c9bbae1fdb1583c195585fe41,ERC20,7627.427281646567,3.1162147924e-08,185407.0,133149,,,,0,
0x2dafca3d030f7ad58511ca519461cb7e1c044f67e034b1dce61e87a01020e6d6,,2021-08-19 04:10:49 +0000,0xff0f573bdf4c23e41ea3ecd82efa66828706b711,0x5aaa28ca43c6646fd1403e508f0fca1d92357dde,DEX,200000.0,LCX,0x037a54aab062628c9bbae1fdb1583c195585fe41,ERC20,7627.427281646567,3.2850664292000003e-08,185493.0,133221,,,,0,
0x13764f52ddf68fdc5fad68f00be5291632fa25dd11d0be4aed240a4e5ae42c9c,,2021-08-19 04:04:01 +0000,0xff0f573bdf4c23e41ea3ecd82efa66828706b711,0x5aaa28ca43c6646fd1403e508f0fca1d92357dde,DEX,200000.0,LCX,0x037a54aab062628c9bbae1fdb1583c195585fe41,ERC20,7627.427281646567,2.8434642825000004e-08,221406.0,163148,,,,0,
0x0b919b85ad83d0e87096f51d939d01d72ea4662a706d35ec6e265a63cbc3fbbe,,2021-08-19 04:01:54 +0000,0xff0f573bdf4c23e41ea3ecd82efa66828706b711,0x5aaa28ca43c6646fd1403e508f0fca1d92357dde,DEX,200000.0,LCX,0x037a54aab062628c9bbae1fdb1583c195585fe41,ERC20,7627.427281646567,2.9794042281000006e-08,216225.0,163212,,,,0,
0x028cf1893507293d21d30804b9bcf63b0891d1677dee84d1644d3eb283d8fe6a,,2021-08-19 04:00:51 +0000,0xff0f573bdf4c23e41ea3ecd82efa66828706b711,0x5aaa28ca43c6646fd1403e508f0fca1d92357dde,DEX,200000.0,LCX,0x037a54aab062628c9bbae1fdb1583c195585fe41,ERC20,7627.427281646567,3.2015174398000005e-08,221532.0,163253,,,,0,
0x315f5a9f723831d8ed0f25e8d082f0c8f5669b968100d8b1d93d094c0911d456,,2021-08-19 03:58:15 +0000,0xff0f573bdf4c23e41ea3ecd82efa66828706b711,0x5d8ecef85058b33cc7130b975cfe07b548fee50a,Wallet,7827882.54,DENT,0x3597bfd533a99c9aa083587b074434e61eb0a258,ERC20,56394.90145297296,2.8056311317e-08,81751.0,49701,,,,0,
0x3e1cc51d509e7a2f2c2d8a749ce8f8ef50d0a46bb0516e122ab77e72720dc0a4,,2021-08-19 03:36:10 +0000,0xff0f573bdf4c23e41ea3ecd82efa66828706b711,0x5d8ecef85058b33cc7130b975cfe07b548fee50a,Wallet,5642243.29,RSR,0x8762db106b2c2a0bccb3a80d1ed41273552616e8,ERC20,,3.9861579360000005e-08,84543.0,56362,,,,0,
0xe6b1454e65de8cb8c30d811bedc57d9b2cbfad4fd91ba9d7156657a1c9e7e66a,,2021-08-19 03:14:08 +0000,0xff0f573bdf4c23e41ea3ecd82efa66828706b711,0x5aaa28ca43c6646fd1403e508f0fca1d92357dde,DEX,100000.0,LCX,0x037a54aab062628c9bbae1fdb1583c195585fe41,ERC20,3813.713640823284,3.7189221236e-08,185476.0,133207,,,,0,
0x7d784b2f8632fd9575710c070b10f247507172a20793415ba85c6550f577c292,,2021-08-19 03:12:08 +0000,0xff0f573bdf4c23e41ea3ecd82efa66828706b711,0x5aaa28ca43c6646fd1403e508f0fca1d92357dde,DEX,100000.0,LCX,0x037a54aab062628c9bbae1fdb1583c195585fe41,ERC20,3813.713640823284,3.737012068800001e-08,185455.0,133189,,,,0,
0xf57c305f2c6cadb6efdaab07953d5756e01223042a726bbd0242c693c1ddef74,,2021-08-19 03:11:24 +0000,0xff0f573bdf4c23e41ea3ecd82efa66828706b711,0x5aaa28ca43c6646fd1403e508f0fca1d92357dde,DEX,200000.0,LCX,0x037a54aab062628c9bbae1fdb1583c195585fe41,ERC20,7627.427281646567,3.9032886356e-08,185440.0,133177,,,,0,
0xb32c0cadf6eb8ce3c0d31dd656d3b60bb94814d11952f35f7ba456d286587652,,2021-08-19 03:10:28 +0000,0xff0f573bdf4c23e41ea3ecd82efa66828706b711,0x5aaa28ca43c6646fd1403e508f0fca1d92357dde,DEX,200000.0,LCX,0x037a54aab062628c9bbae1fdb1583c195585fe41,ERC20,7627.427281646567,4.530274870500001e-08,185395.0,133193,,,,0,
0x8a173c8d17324f546070a87c395869115bf045a65cf844269c3d1a765151ae45,,2021-08-19 03:09:23 +0000,0xff0f573bdf4c23e41ea3ecd82efa66828706b711,0x5aaa28ca43c6646fd1403e508f0fca1d92357dde,DEX,200000.0,LCX,0x037a54aab062628c9bbae1fdb1583c195585fe41,ERC20,7627.427281646567,4.2572412805e-08,185524.0,133247,,,,0,
0x89a5bd21ecae9fb5cc8821c80b801f17d5bacbf3a49daf07ef89fdf0c77b9d78,,2021-08-19 03:08:26 +0000,0xff0f573bdf4c23e41ea3ecd82efa66828706b711,0x5aaa28ca43c6646fd1403e508f0fca1d92357dde,DEX,200000.0,LCX,0x037a54aab062628c9bbae1fdb1583c195585fe41,ERC20,7627.427281646567,4.3566683326e-08,221401.0,163144,,,,0,
0x74c1fc472fb4ba8280c8eda51e09c3e72a40d1d25f194224e8285e842698b42e,,2021-08-19 03:05:20 +0000,0xff0f573bdf4c23e41ea3ecd82efa66828706b711,0x5aaa28ca43c6646fd1403e508f0fca1d92357dde,DEX,200000.0,LCX,0x037a54aab062628c9bbae1fdb1583c195585fe41,ERC20,7627.427281646567,3.9724821386e-08,221520.0,163243,,,,0,
0x6371d2994d7da4bdc614124ca9fd1070dc05b4bc2f5356ce1868078fcd9a3383,,2021-08-19 03:03:34 +0000,0xff0f573bdf4c23e41ea3ecd82efa66828706b711,0x5aaa28ca43c6646fd1403e508f0fca1d92357dde,DEX,200000.0,LCX,0x037a54aab062628c9bbae1fdb1583c195585fe41,ERC20,7627.427281646567,3.3198191414e-08,216204.0,163194,,,,0,
0xbae7e35a4f5c4156c9c60ffdf9084d0a1655d154a10809811d19246644cafcfb,,2021-08-19 03:02:03 +0000,0xff0f573bdf4c23e41ea3ecd82efa66828706b711,0x5aaa28ca43c6646fd1403e508f0fca1d92357dde,DEX,200000.0,LCX,0x037a54aab062628c9bbae1fdb1583c195585fe41,ERC20,7627.427281646567,2.6707249928e-08,221492.0,163220,,,,0,
0x94fed43929f409a6a19af82f0628b63fd2c5556e98aefdf9372ee68141a37cb8,,2021-08-19 03:01:06 +0000,0xff0f573bdf4c23e41ea3ecd82efa66828706b711,0x5aaa28ca43c6646fd1403e508f0fca1d92357dde,DEX,100000.0,LCX,0x037a54aab062628c9bbae1fdb1583c195585fe41,ERC20,3813.713640823284,2.4837182435e-08,185610.0,133318,,,,0,
0x4023a8dceb008ba85350fb84816ae8a93fd4a2a91025e4d10389224d96c33131,,2021-08-19 02:55:29 +0000,0xff0f573bdf4c23e41ea3ecd82efa66828706b711,0xfcb910d871d7e94f5a566b7b32fb2b19583c09d7,DEX,30000.0,LCX,0x037a54aab062628c9bbae1fdb1583c195585fe41,ERC20,1144.1140922469851,4.098258739e-08,158601.0,118002,,,,0,
0xe46c4bfbf0ffc0188eab0d17a17e5849189deb23576bf4c6e6ce6c013b830246,,2021-08-19 02:54:50 +0000,0xff0f573bdf4c23e41ea3ecd82efa66828706b711,0xfcb910d871d7e94f5a566b7b32fb2b19583c09d7,DEX,20000.0,LCX,0x037a54aab062628c9bbae1fdb1583c195585fe41,ERC20,762.7427281646568,3.6744089862e-08,171100.0,118002,,,,0,
0x4623d4bc94560a4a2a42e91aebab71d93af49c95b831d4e6feb89c06286b5926,,2021-08-19 02:51:30 +0000,0xff0f573bdf4c23e41ea3ecd82efa66828706b711,0x5578840aae68682a9779623fa9e8714802b59946,Wallet,371.0,ETH,0x0000000000000000000000000000000000000000,,1126812.423193879,4.1276449782e-08,21000.0,21000,,,,1,
0x269e6c7b96070fd60722838dc985f4ffc05611c2dcd1c357f72904c365797795,,2021-08-19 02:50:06 +0000,0xff0f573bdf4c23e41ea3ecd82efa66828706b711,0xe5c5227d8105d8d5f26ff3634eb52e2d7cc15b50,DEX,43427.81,ALBT,0x00a8b738e453ffd858a7edf03bccfe20412f0eb0,ERC20,29797.25843948185,5.193807818800001e-08,173584.0,120072,,,,0,
0xcf8d2efe387dce6c27694b40f26d10a8db7bf780cbbc6e322b1bab70d95a7a6d,,2021-08-19 02:48:48 +0000,0xff0f573bdf4c23e41ea3ecd82efa66828706b711,0xe5c5227d8105d8d5f26ff3634eb52e2d7cc15b50,DEX,43000.0,ALBT,0x00a8b738e453ffd858a7edf03bccfe20412f0eb0,ERC20,29503.72383267127,4.6646481034000006e-08,161085.0,109656,,,,0,
0x1f692372749391adea3943445279401131f07d630ca273d842da53cabaa3695e,,2021-08-19 02:47:38 +0000,0xff0f573bdf4c23e41ea3ecd82efa66828706b711,0x1cd926f3e12f7b6c2833fbe7277ac53d529a794e,DEX,40000.0,ALBT,0x00a8b738e453ffd858a7edf03bccfe20412f0eb0,ERC20,27445.32449550816,4.9246413400000006e-08,245746.0,177477,,,,0,
0xcd65861baf11a334885d2ba7d2682e89083e31bb206c0c9fe399fda14232e8de,,2021-08-19 02:46:40 +0000,0xff0f573bdf4c23e41ea3ecd82efa66828706b711,0xe5c5227d8105d8d5f26ff3634eb52e2d7cc15b50,DEX,40000.0,ALBT,0x00a8b738e453ffd858a7edf03bccfe20412f0eb0,ERC20,27445.32449550816,4.6274097671e-08,161071.0,120060,,,,0,
0xf03ddd07f502074747d8a8587d7c7b2ad3406f6aaa75595d6a887bf1019a640a,,2021-08-19 02:46:00 +0000,0xff0f573bdf4c23e41ea3ecd82efa66828706b711,0xe5c5227d8105d8d5f26ff3634eb52e2d7cc15b50,DEX,40000.0,ALBT,0x00a8b738e453ffd858a7edf03bccfe20412f0eb0,ERC20,27445.32449550816,4.7345367043000004e-08,173570.0,120060,,,,0,
0x5733876467818cdbf9b4e155cea07468cecec19ade28864ba533e69d00f6ab45,,2021-08-19 02:43:17 +0000,0xff0f573bdf4c23e41ea3ecd82efa66828706b711,0xe5c5227d8105d8d5f26ff3634eb52e2d7cc15b50,DEX,40000.0,ALBT,0x00a8b738e453ffd858a7edf03bccfe20412f0eb0,ERC20,27445.32449550816,4.8192703098000006e-08,173570.0,120060,,,,0,
0x8de81840f5e80c63e39094dcdd72ae4c95d46f9694fe97067bef1e1f777208e3,,2021-08-19 02:41:45 +0000,0xff0f573bdf4c23e41ea3ecd82efa66828706b711,0xe5c5227d8105d8d5f26ff3634eb52e2d7cc15b50,DEX,40000.0,ALBT,0x00a8b738e453ffd858a7edf03bccfe20412f0eb0,ERC20,27445.32449550816,4.8344097166e-08,161071.0,120060,,,,0,
0xdc2009faeeaf770c9cd31da947fe37f1fc45ccd2c22a714198566cac27c67aa5,,2021-08-19 02:40:29 +0000,0xff0f573bdf4c23e41ea3ecd82efa66828706b711,0xe5c5227d8105d8d5f26ff3634eb52e2d7cc15b50,DEX,40000.0,ALBT,0x00a8b738e453ffd858a7edf03bccfe20412f0eb0,ERC20,27445.32449550816,4.4404694493000004e-08,161071.0,120060,,,,0,
0x2fc0bc8259a622109d7ec9928e2cea74da849e0d48b6c1572ffacbfc23a9f58e,,2021-08-19 02:38:34 +0000,0xff0f573bdf4c23e41ea3ecd82efa66828706b711,0xe5c5227d8105d8d5f26ff3634eb52e2d7cc15b50,DEX,40000.0,ALBT,0x00a8b738e453ffd858a7edf03bccfe20412f0eb0,ERC20,27445.32449550816,3.951915254200001e-08,161071.0,120060,,,,0,
0x5152be083ad00da0a1fb422a85cab92b5953ecc9c47c15a721929edb41ab1b7b,,2021-08-19 02:38:10 +0000,0xff0f573bdf4c23e41ea3ecd82efa66828706b711,0xe5c5227d8105d8d5f26ff3634eb52e2d7cc15b50,DEX,40000.0,ALBT,0x00a8b738e453ffd858a7edf03bccfe20412f0eb0,ERC20,27445.32449550816,3.8937095943e-08,161071.0,120060,,,,0,
0x9c07883bcb6ec079bac3418aef389f767c24815a733bc8aa7f2373ba2648731a,,2021-08-19 02:37:30 +0000,0xff0f573bdf4c23e41ea3ecd82efa66828706b711,0xe5c5227d8105d8d5f26ff3634eb52e2d7cc15b50,DEX,40000.0,ALBT,0x00a8b738e453ffd858a7edf03bccfe20412f0eb0,ERC20,27445.32449550816,3.624623175300001e-08,173570.0,120060,,,,0,
0xe27979ed68b8463abe2bcea7425bffd9975c71bbaeda0966e4017c21350c2269,,2021-08-19 02:36:31 +0000,0xff0f573bdf4c23e41ea3ecd82efa66828706b711,0xe5c5227d8105d8d5f26ff3634eb52e2d7cc15b50,DEX,40000.0,ALBT,0x00a8b738e453ffd858a7edf03bccfe20412f0eb0,ERC20,27445.32449550816,3.635349574200001e-08,173570.0,120060,,,,0,
0x09ccaf8a8f51c93e813252c4d488241c2f826a7ff7a2713f79f5007d9d409d96,,2021-08-19 02:36:06 +0000,0xff0f573bdf4c23e41ea3ecd82efa66828706b711,0xe5c5227d8105d8d5f26ff3634eb52e2d7cc15b50,DEX,40000.0,ALBT,0x00a8b738e453ffd858a7edf03bccfe20412f0eb0,ERC20,27445.32449550816,4.3443732929000004e-08,161071.0,120060,,,,0,
0xf4c30cf00f49576459533acecb48b26e349917915eb3a25381e2dd3e8b7076f5,,2021-08-19 02:35:24 +0000,0xff0f573bdf4c23e41ea3ecd82efa66828706b711,0xe5c5227d8105d8d5f26ff3634eb52e2d7cc15b50,DEX,40000.0,ALBT,0x00a8b738e453ffd858a7edf03bccfe20412f0eb0,ERC20,27445.32449550816,4.1825115397e-08,173570.0,120060,,,,0,
0x52298f1577f813d39b2eab971e0311a214a8ca7e68c69e110c4a804996b90587,,2021-08-19 02:34:57 +0000,0xff0f573bdf4c23e41ea3ecd82efa66828706b711,0xe5c5227d8105d8d5f26ff3634eb52e2d7cc15b50,DEX,40000.0,ALBT,0x00a8b738e453ffd858a7edf03bccfe20412f0eb0,ERC20,27445.32449550816,4.1417986572e-08,173570.0,120060,,,,0,
0x70cb4b93dede83cdf5c8d01ac3a935cf7f9d88f75b212ede49e2c355b0192d48,,2021-08-19 02:29:43 +0000,0xff0f573bdf4c23e41ea3ecd82efa66828706b711,0xe5c5227d8105d8d5f26ff3634eb52e2d7cc15b50,DEX,30000.0,ALBT,0x00a8b738e453ffd858a7edf03bccfe20412f0eb0,ERC20,20583.99337163112,3.5744968867000005e-08,161085.0,120072,,,,0,
0xb46dd7e73774c0c44095e046c4705aa682fa248b6e1188e6a8abc9c47286dbc2,,2021-08-19 02:28:58 +0000,0xff0f573bdf4c23e41ea3ecd82efa66828706b711,0x1cd926f3e12f7b6c2833fbe7277ac53d529a794e,DEX,30000.0,ALBT,0x00a8b738e453ffd858a7edf03bccfe20412f0eb0,ERC20,20583.99337163112,3.766494553500001e-08,245761.0,187905,,,,0,
0x8a41b33d97ff9fd058c40da313ab41e02b6563bfcfe5973d3c257f27105c2ee9,,2021-08-19 02:28:06 +0000,0xff0f573bdf4c23e41ea3ecd82efa66828706b711,0xe5c5227d8105d8d5f26ff3634eb52e2d7cc15b50,DEX,30000.0,ALBT,0x00a8b738e453ffd858a7edf03bccfe20412f0eb0,ERC20,20583.99337163112,3.8383185973e-08,173584.0,120072,,,,0,
0x3fa5e6ac075d0443dc05d01c4374f1b990157fbb74672126be5cf340df2ebdf9,,2021-08-19 02:27:10 +0000,0xff0f573bdf4c23e41ea3ecd82efa66828706b711,0xe5c5227d8105d8d5f26ff3634eb52e2d7cc15b50,DEX,20000.0,ALBT,0x00a8b738e453ffd858a7edf03bccfe20412f0eb0,ERC20,13722.66224775408,4.603460644200001e-08,173584.0,120072,,,,0,
0xd373b44420f64ac73b9cfaee35d0ea00c08f0a0605f664fbf7b9585af44a35fe,,2021-08-19 02:23:35 +0000,0xff0f573bdf4c23e41ea3ecd82efa66828706b711,0xe5c5227d8105d8d5f26ff3634eb52e2d7cc15b50,DEX,20000.0,ALBT,0x00a8b738e453ffd858a7edf03bccfe20412f0eb0,ERC20,13722.66224775408,4.9797170258e-08,161085.0,120072,,,,0,
0x7ee5b92543330fa608a20bd7b6beedc11646b4987ebcbef9941e16fbe211fb65,,2021-08-19 02:20:47 +0000,0xff0f573bdf4c23e41ea3ecd82efa66828706b711,0x5d8ecef85058b33cc7130b975cfe07b548fee50a,Wallet,54750.41,ENJ,0xf629cbd94d3791c9250152bd8dfbdf380e2a3b9c,ERC20,86034.6858291608,5.3451463687000014e-08,78336.0,52224,,,,0,
0xb7d74a3150617e37916412c1cbaea840c33fcc33d9b01c453ec051844df5480a,,2021-08-19 02:18:00 +0000,0xff0f573bdf4c23e41ea3ecd82efa66828706b711,0xe5c5227d8105d8d5f26ff3634eb52e2d7cc15b50,DEX,20000.0,ALBT,0x00a8b738e453ffd858a7edf03bccfe20412f0eb0,ERC20,13722.66224775408,4.0474379132e-08,173570.0,120060,,,,0,
0x2e11ab979044a4b61956b594c26af4910d1597f71b6c177f10db331354358f6c,,2021-08-19 02:15:08 +0000,0xff0f573bdf4c23e41ea3ecd82efa66828706b711,0xe5c5227d8105d8d5f26ff3634eb52e2d7cc15b50,DEX,20000.0,ALBT,0x00a8b738e453ffd858a7edf03bccfe20412f0eb0,ERC20,13722.66224775408,3.7030030457e-08,173584.0,120072,,,,0,
0x2cbc6b7fc6b2c10c32d6c793e488938a16e9abcf1204a196a225cd3db50c13e0,,2021-08-19 02:14:29 +0000,0xff0f573bdf4c23e41ea3ecd82efa66828706b711,0x5d8ecef85058b33cc7130b975cfe07b548fee50a,Wallet,3646.14,UNI,0x1f9840a85d5af5bf1d1762f925bdaddc4201f984,ERC20,100792.50551510378,3.8974640872000005e-08,85809.0,57206,,,,0,
0x1d7a63f5de5c6bbb6b027217e5123c776032e887236f61a576dbb672141de28b,,2021-08-19 02:12:01 +0000,0xff0f573bdf4c23e41ea3ecd82efa66828706b711,0xe5c5227d8105d8d5f26ff3634eb52e2d7cc15b50,DEX,20000.0,ALBT,0x00a8b738e453ffd858a7edf03bccfe20412f0eb0,ERC20,13722.66224775408,4.559360815e-08,173584.0,120072,,,,0,
0xc2b872087cf2e8e8d4c048aab578022f534180290373ed4ccb11af80fe988c20,,2021-08-19 02:09:35 +0000,0xff0f573bdf4c23e41ea3ecd82efa66828706b711,0xe5c5227d8105d8d5f26ff3634eb52e2d7cc15b50,DEX,20000.0,ALBT,0x00a8b738e453ffd858a7edf03bccfe20412f0eb0,ERC20,13722.66224775408,3.933550015e-08,173584.0,120072,,,,0,
0xf7579662cdbf35acaaca01858fb58df2391d97810f44986e607ab4ed195d6ffc,,2021-08-19 02:08:39 +0000,0xff0f573bdf4c23e41ea3ecd82efa66828706b711,0xe5c5227d8105d8d5f26ff3634eb52e2d7cc15b50,DEX,20000.0,ALBT,0x00a8b738e453ffd858a7edf03bccfe20412f0eb0,ERC20,13722.66224775408,5.2601506255e-08,161085.0,120072,,,,0,
0xe1f0bb3f3b3243826597c3382d849b5b33447a691544a95f337d7c237fac9f7f,,2021-08-19 02:06:55 +0000,0xff0f573bdf4c23e41ea3ecd82efa66828706b711,0x5d8ecef85058b33cc7130b975cfe07b548fee50a,Wallet,804850918.0,IDRT,0x998ffe1e43facffb941dc337dd0468d52ba5b48a,ERC20,56050.92085436755,4.6544031558000004e-08,72894.0,48328,,,,0,
0xc0b5c3d6d2b3f4c6f138bf2daab1872a728976817a08dff6a2a2363e6ecb17f6,,2021-08-19 02:03:43 +0000,0xff0f573bdf4c23e41ea3ecd82efa66828706b711,0xe5c5227d8105d8d5f26ff3634eb52e2d7cc15b50,DEX,20000.0,ALBT,0x00a8b738e453ffd858a7edf03bccfe20412f0eb0,ERC20,13722.66224775408,4.4392094625000004e-08,173584.0,120072,,,,0,
0x9dd5eb5d455d191f801ba617538f1f25561231325d2c14180d4bf5152c283267,,2021-08-19 02:02:24 +0000,0xff0f573bdf4c23e41ea3ecd82efa66828706b711,0x1cd926f3e12f7b6c2833fbe7277ac53d529a794e,DEX,20000.0,ALBT,0x00a8b738e453ffd858a7edf03bccfe20412f0eb0,ERC20,13722.66224775408,4.392822319200001e-08,334087.0,248365,,,,0,
0x3adeb3d0d76f1458f2441ad1d50694df8f33769fef649e81b53e2214d518dc2c,,2021-08-19 02:01:35 +0000,0xff0f573bdf4c23e41ea3ecd82efa66828706b711,0xe5c5227d8105d8d5f26ff3634eb52e2d7cc15b50,DEX,10000.0,ALBT,0x00a8b738e453ffd858a7edf03bccfe20412f0eb0,ERC20,6861.331123877039,4.5243793939e-08,173584.0,120072,,,,0,
0x7cd9973632f5368c28c3267ca99e0b6c124e0366736bcb4424582de7af2c1d13,,2021-08-19 02:00:16 +0000,0xff0f573bdf4c23e41ea3ecd82efa66828706b711,0x5d8ecef85058b33cc7130b975cfe07b548fee50a,Wallet,800000000.0,IDRT,0x998ffe1e43facffb941dc337dd0468d52ba5b48a,ERC20,55713.096277407785,4.711464647e-08,98932.0,65416,,,,0,
0x25b4b41884ea66112da527d1f056608a8271fee417ef42606bfc7982070b9db9,,2021-08-19 01:58:35 +0000,0xff0f573bdf4c23e41ea3ecd82efa66828706b711,0xe5c5227d8105d8d5f26ff3634eb52e2d7cc15b50,DEX,10000.0,ALBT,0x00a8b738e453ffd858a7edf03bccfe20412f0eb0,ERC20,6861.331123877039,5.5449613648000007e-08,173584.0,120072,,,,0,
0xd46eba691db56ac6ced6dbf4849b3f480de3f1657f66f5c793293ff64ae545ed,,2021-08-19 01:55:55 +0000,0xff0f573bdf4c23e41ea3ecd82efa66828706b711,0x1cd926f3e12f7b6c2833fbe7277ac53d529a794e,DEX,10000.0,ALBT,0x00a8b738e453ffd858a7edf03bccfe20412f0eb0,ERC20,6861.331123877039,6.4921281558e-08,245761.0,187905,,,,0,
0xc255aa6ff46079bce205493572186ff7ed9079bb276d60f4a5335b332d55502f,,2021-08-19 01:54:46 +0000,0xff0f573bdf4c23e41ea3ecd82efa66828706b711,0xe5c5227d8105d8d5f26ff3634eb52e2d7cc15b50,DEX,20000.0,ALBT,0x00a8b738e453ffd858a7edf03bccfe20412f0eb0,ERC20,13722.66224775408,5.6745312962e-08,173584.0,120072,,,,0,
0x5cb36fb5ea71ddbe08ede76e980059a3437c4e061b67b276c37d5b805ecd8e6c,,2021-08-19 01:54:25 +0000,0xff0f573bdf4c23e41ea3ecd82efa66828706b711,0x1cd926f3e12f7b6c2833fbe7277ac53d529a794e,DEX,10000.0,ALBT,0x00a8b738e453ffd858a7edf03bccfe20412f0eb0,ERC20,6861.331123877039,6.1338221398e-08,245761.0,187905,,,,0,
0xecf9a83627cfcaf12c0a7f96e060e3207eaa855b46e6eeb9868b619e9afb4b44,,2021-08-19 01:52:15 +0000,0xff0f573bdf4c23e41ea3ecd82efa66828706b711,0xe5c5227d8105d8d5f26ff3634eb52e2d7cc15b50,DEX,10000.0,ALBT,0x00a8b738e453ffd858a7edf03bccfe20412f0eb0,ERC20,6861.331123877039,5.2629181202e-08,173584.0,120072,,,,0,
0xffb6f96e6dd893092eeef48e70813815a6ef6e5e612a646705734d77ecaddfb1,,2021-08-19 01:51:51 +0000,0xff0f573bdf4c23e41ea3ecd82efa66828706b711,0x1cd926f3e12f7b6c2833fbe7277ac53d529a794e,DEX,30000.0,ALBT,0x00a8b738e453ffd858a7edf03bccfe20412f0eb0,ERC20,20583.99337163112,5.6196520587e-08,245761.0,187905,,,,0,
0xfd8c8e674f1606f389dd5385854b3ac46f318123734a59fa6a4bcd4c2b875b10,,2021-08-19 01:50:30 +0000,0xff0f573bdf4c23e41ea3ecd82efa66828706b711,0xe5c5227d8105d8d5f26ff3634eb52e2d7cc15b50,DEX,30000.0,ALBT,0x00a8b738e453ffd858a7edf03bccfe20412f0eb0,ERC20,20583.99337163112,5.3577032545e-08,173584.0,120072,,,,0,
0xea2ccd400318fc9adcaf65db84b2c00bfe3311959ab0abbe53c224dc8fc57d64,,2021-08-19 01:46:46 +0000,0xff0f573bdf4c23e41ea3ecd82efa66828706b711,0xe5c5227d8105d8d5f26ff3634eb52e2d7cc15b50,DEX,20000.0,ALBT,0x00a8b738e453ffd858a7edf03bccfe20412f0eb0,ERC20,13722.66224775408,5.5215442087e-08,161085.0,120072,,,,0,
0x286985199bc10a24960f47afdf0d13a8377df516fde0d5c42a37eb3a9ed9d606,,2021-08-19 01:44:27 +0000,0xff0f573bdf4c23e41ea3ecd82efa66828706b711,0xe5c5227d8105d8d5f26ff3634eb52e2d7cc15b50,DEX,10000.0,ALBT,0x00a8b738e453ffd858a7edf03bccfe20412f0eb0,ERC20,6861.331123877039,6.0823621468e-08,173584.0,120072,,,,0,
0x5d3957db0071d5250119d5c82d3617de3de6ec2cdb31917fc1fa2e247cf0ab78,,2021-08-19 01:42:30 +0000,0xff0f573bdf4c23e41ea3ecd82efa66828706b711,0xe5c5227d8105d8d5f26ff3634eb52e2d7cc15b50,DEX,20000.0,ALBT,0x00a8b738e453ffd858a7edf03bccfe20412f0eb0,ERC20,13722.66224775408,5.4279797569000006e-08,173584.0,120072,,,,0,
0x0853e0fcc448bb37e5147d94d3f19bb2fc1deb61a13c7238317db39a655a84da,,2021-08-19 01:41:07 +0000,0xff0f573bdf4c23e41ea3ecd82efa66828706b711,0x1cd926f3e12f7b6c2833fbe7277ac53d529a794e,DEX,20000.0,ALBT,0x00a8b738e453ffd858a7edf03bccfe20412f0eb0,ERC20,13722.66224775408,5.3707219395000004e-08,258260.0,177489,,,,0,
0xa4a464693318a7966699b04f56ce95a947ab28a9e1a79a00ed5f37d0b62e913e,,2021-08-19 01:39:56 +0000,0xff0f573bdf4c23e41ea3ecd82efa66828706b711,0xe5c5227d8105d8d5f26ff3634eb52e2d7cc15b50,DEX,30000.0,ALBT,0x00a8b738e453ffd858a7edf03bccfe20412f0eb0,ERC20,20583.99337163112,6.2552393707e-08,173584.0,120072,,,,0,
0x78ccadc8e021448496a162e12cf4a71e792c5d2e968e6e217761c953d93efe7f,,2021-08-19 01:38:23 +0000,0xff0f573bdf4c23e41ea3ecd82efa66828706b711,0xe5c5227d8105d8d5f26ff3634eb52e2d7cc15b50,DEX,10000.0,ALBT,0x00a8b738e453ffd858a7edf03bccfe20412f0eb0,ERC20,6861.331123877039,5.5553076206000007e-08,161085.0,120072,,,,0,
0xd7a385ce43db8a05e88211ba0de121bb6bc532c3d619c7732100167877bb2045,,2021-08-19 01:36:38 +0000,0xff0f573bdf4c23e41ea3ecd82efa66828706b711,0xe5c5227d8105d8d5f26ff3634eb52e2d7cc15b50,DEX,10000.0,ALBT,0x00a8b738e453ffd858a7edf03bccfe20412f0eb0,ERC20,6861.331123877039,5.2450404837000014e-08,173584.0,120072,,,,0,
0x8d96b6e9e1cf81558664751ca4d6d72939687c6165de67c5dce4e0b6fa96de56,,2021-08-19 01:35:29 +0000,0xff0f573bdf4c23e41ea3ecd82efa66828706b711,0xe5c5227d8105d8d5f26ff3634eb52e2d7cc15b50,DEX,10000.0,ALBT,0x00a8b738e453ffd858a7edf03bccfe20412f0eb0,ERC20,6861.331123877039,5.6725697656000006e-08,173584.0,120072,,,,0,
0x186d8613c34dc1bbd6f4c7940dbe194309debf40b7ac97e691b592a53a0b2c76,,2021-08-19 01:34:45 +0000,0xff0f573bdf4c23e41ea3ecd82efa66828706b711,0x1cd926f3e12f7b6c2833fbe7277ac53d529a794e,DEX,10000.0,ALBT,0x00a8b738e453ffd858a7edf03bccfe20412f0eb0,ERC20,6861.331123877039,6.3229174655e-08,258260.0,177489,,,,0,
0x9608f94968704a10fa4c484ab0c3750dfbfe49106397375b655c1d27a55b845d,,2021-08-19 01:34:00 +0000,0xff0f573bdf4c23e41ea3ecd82efa66828706b711,0xe5c5227d8105d8d5f26ff3634eb52e2d7cc15b50,DEX,10000.0,ALBT,0x00a8b738e453ffd858a7edf03bccfe20412f0eb0,ERC20,6861.331123877039,6.345773815800002e-08,173584.0,120072,,,,0,
0xa90bdd8e1a2281805ebc859432d1f5c436c7cb1bd1c2c1a97b372e5b2768d42a,,2021-08-19 01:32:45 +0000,0xff0f573bdf4c23e41ea3ecd82efa66828706b711,0xe5c5227d8105d8d5f26ff3634eb52e2d7cc15b50,DEX,30000.0,ALBT,0x00a8b738e453ffd858a7edf03bccfe20412f0eb0,ERC20,20583.99337163112,6.7665266072e-08,173584.0,120072,,,,0,
0x73e9c61c7a6901006d1505aab5dfa0c70c2ef1456b0009cddc66564a8939bf1e,,2021-08-19 01:31:39 +0000,0xff0f573bdf4c23e41ea3ecd82efa66828706b711,0xe5c5227d8105d8d5f26ff3634eb52e2d7cc15b50,DEX,30000.0,ALBT,0x00a8b738e453ffd858a7edf03bccfe20412f0eb0,ERC20,20583.99337163112,6.9788442901e-08,173584.0,120072,,,,0,
0xffce5c297b394c40782ce2440d8615fc27aceebb4ba0761128ffdaa38be6d557,,2021-08-19 01:30:36 +0000,0xff0f573bdf4c23e41ea3ecd82efa66828706b711,0xe5c5227d8105d8d5f26ff3634eb52e2d7cc15b50,DEX,30000.0,ALBT,0x00a8b738e453ffd858a7edf03bccfe20412f0eb0,ERC20,20583.99337163112,7.9712311473e-08,173584.0,120072,,,,0,
0x650046786a0f656155cd10d2a1c69ce21ae47f1361522ce02a847cedc1058a26,,2021-08-19 01:29:22 +0000,0xff0f573bdf4c23e41ea3ecd82efa66828706b711,0xe5c5227d8105d8d5f26ff3634eb52e2d7cc15b50,DEX,20000.0,ALBT,0x00a8b738e453ffd858a7edf03bccfe20412f0eb0,ERC20,13722.66224775408,8.4056235671e-08,173584.0,120072,,,,0,
0xda3bc47cbac6efba6ba3e2be38577209292147531900614be1a19862b5d0f5dd,,2021-08-19 01:27:38 +0000,0xff0f573bdf4c23e41ea3ecd82efa66828706b711,0xe5c5227d8105d8d5f26ff3634eb52e2d7cc15b50,DEX,30000.0,ALBT,0x00a8b738e453ffd858a7edf03bccfe20412f0eb0,ERC20,20583.99337163112,7.1512302343e-08,173584.0,120072,,,,0,
0x7976b86ce1fcef3796323d5cc9fe23215d7ed7c6983d07d0fdca7f8781281286,,2021-08-19 01:26:10 +0000,0xff0f573bdf4c23e41ea3ecd82efa66828706b711,0x1cd926f3e12f7b6c2833fbe7277ac53d529a794e,DEX,30000.0,ALBT,0x00a8b738e453ffd858a7edf03bccfe20412f0eb0,ERC20,20583.99337163112,6.2431591639e-08,258260.0,187905,,,,0,
0x7e1cbcea785673786d3eab1ac8b9f74b9245a16dda15f7956694d446cf9e5613,,2021-08-19 01:24:38 +0000,0xff0f573bdf4c23e41ea3ecd82efa66828706b711,0xe5c5227d8105d8d5f26ff3634eb52e2d7cc15b50,DEX,30000.0,ALBT,0x00a8b738e453ffd858a7edf03bccfe20412f0eb0,ERC20,20583.99337163112,5.772947988e-08,173584.0,120072,,,,0,
0xe826f7a30bf0621f2c2f8c58356d219be65932ca4e0617822ec222de192f337c,,2021-08-19 01:23:55 +0000,0xff0f573bdf4c23e41ea3ecd82efa66828706b711,0xe5c5227d8105d8d5f26ff3634eb52e2d7cc15b50,DEX,30000.0,ALBT,0x00a8b738e453ffd858a7edf03bccfe20412f0eb0,ERC20,20583.99337163112,4.2047831776000006e-08,173584.0,120072,,,,0,
0x0ed9432db66dc6f51e102e05c1f95d02290532fbaaa1a6de0a0e6be004ccf3e8,,2021-08-19 01:23:10 +0000,0xff0f573bdf4c23e41ea3ecd82efa66828706b711,0xe5c5227d8105d8d5f26ff3634eb52e2d7cc15b50,DEX,30000.0,ALBT,0x00a8b738e453ffd858a7edf03bccfe20412f0eb0,ERC20,20583.99337163112,3.1145329198e-08,173584.0,120072,,,,0,
0x8f914611a1431e7d0559eaefe1a951f0736e5ad7ed43f72489c8025e42827e15,,2021-08-19 00:10:25 +0000,0xff0f573bdf4c23e41ea3ecd82efa66828706b711,0x1cd926f3e12f7b6c2833fbe7277ac53d529a794e,DEX,20000.0,ALBT,0x00a8b738e453ffd858a7edf03bccfe20412f0eb0,ERC20,13722.66224775408,4.3e-08,233262.0,177489,,,,0,
0x01475a2b3fbbb4ba5f471d8f7de30a4f29bbe782050c43f45c3ca6d24830a1c7,,2021-08-19 00:07:49 +0000,0xff0f573bdf4c23e41ea3ecd82efa66828706b711,0xe5c5227d8105d8d5f26ff3634eb52e2d7cc15b50,DEX,20000.0,ALBT,0x00a8b738e453ffd858a7edf03bccfe20412f0eb0,ERC20,13722.66224775408,4.5000000000000006e-08,173584.0,120072,,,,0,
0x83af633dc015a2fd8785c7ac67b1270b0b9f7a6d91e4e2b1d79eabf548524858,,2021-08-19 00:05:53 +0000,0xff0f573bdf4c23e41ea3ecd82efa66828706b711,0xe5c5227d8105d8d5f26ff3634eb52e2d7cc15b50,DEX,20000.0,ALBT,0x00a8b738e453ffd858a7edf03bccfe20412f0eb0,ERC20,13722.66224775408,4.5000000000000006e-08,161085.0,120072,,,,0,
0x0e7b24f5a7c977fb7a452ed506e1c8dae67f76d4fd4522d226fee50764b7c093,,2021-08-19 00:05:03 +0000,0xff0f573bdf4c23e41ea3ecd82efa66828706b711,0xe5c5227d8105d8d5f26ff3634eb52e2d7cc15b50,DEX,20000.0,ALBT,0x00a8b738e453ffd858a7edf03bccfe20412f0eb0,ERC20,13722.66224775408,4.5000000000000006e-08,173584.0,120072,,,,0,
0x7112e05fcb26e71df3ec783da5f6f079b27c7690d415b0b8532c89fe2ee45ad7,,2021-08-19 00:02:44 +0000,0xff0f573bdf4c23e41ea3ecd82efa66828706b711,0xe5c5227d8105d8d5f26ff3634eb52e2d7cc15b50,DEX,20000.0,ALBT,0x00a8b738e453ffd858a7edf03bccfe20412f0eb0,ERC20,13722.66224775408,4.5000000000000006e-08,173584.0,120072,,,,0,
0x62e425bf61fbe6a2fe90e45eb744fe2a2d29394dccd30b5943f151f638912cca,,2021-08-19 00:01:37 +0000,0xff0f573bdf4c23e41ea3ecd82efa66828706b711,0x1cd926f3e12f7b6c2833fbe7277ac53d529a794e,DEX,30000.0,ALBT,0x00a8b738e453ffd858a7edf03bccfe20412f0eb0,ERC20,20583.99337163112,4.4000000000000004e-08,245761.0,177489,,,,0,
0x8b3bb2398602ce287954c3983da1709f9fc1d6a4ac3b50b38400124410c57a8e,,2021-08-19 00:01:02 +0000,0xff0f573bdf4c23e41ea3ecd82efa66828706b711,0xe5c5227d8105d8d5f26ff3634eb52e2d7cc15b50,DEX,30000.0,ALBT,0x00a8b738e453ffd858a7edf03bccfe20412f0eb0,ERC20,20583.99337163112,4.4000000000000004e-08,173584.0,120072,,,,0,
0x2500ff72d5e7c2a9572cebf7f0ae1bd20ba87ce9d94e58af626e010e0b07b9b1,,2021-08-18 23:59:50 +0000,0xff0f573bdf4c23e41ea3ecd82efa66828706b711,0xe5c5227d8105d8d5f26ff3634eb52e2d7cc15b50,DEX,30000.0,ALBT,0x00a8b738e453ffd858a7edf03bccfe20412f0eb0,ERC20,19668.750042228323,3.6000000000000005e-08,173584.0,120072,,,,0,
0x1be2e71fb7c8e935faca1809da5687627d610f4d516c2548d6ee887b3c4cf952,,2021-08-18 23:58:45 +0000,0xff0f573bdf4c23e41ea3ecd82efa66828706b711,0xe5c5227d8105d8d5f26ff3634eb52e2d7cc15b50,DEX,30000.0,ALBT,0x00a8b738e453ffd858a7edf03bccfe20412f0eb0,ERC20,19668.750042228323,3.6000000000000005e-08,161085.0,120072,,,,0,
0x7ee464a18a629214047199e9bbd38714028df07f1a21dd1706b251debe110d5f,,2021-08-18 23:58:33 +0000,0xff0f573bdf4c23e41ea3ecd82efa66828706b711,0xe5c5227d8105d8d5f26ff3634eb52e2d7cc15b50,DEX,30000.0,ALBT,0x00a8b738e453ffd858a7edf03bccfe20412f0eb0,ERC20,19668.750042228323,4e-08,173584.0,120072,,,,0,
0xe7691ee4032df313136df75a0741b36935e34f07daadf1b4102e64a36bf2c729,,2021-08-18 23:55:48 +0000,0xff0f573bdf4c23e41ea3ecd82efa66828706b711,0xe5c5227d8105d8d5f26ff3634eb52e2d7cc15b50,DEX,30000.0,ALBT,0x00a8b738e453ffd858a7edf03bccfe20412f0eb0,ERC20,19668.750042228323,3.900000000000001e-08,173584.0,120072,,,,0,
0x11071ec4b67fac7e4a357982b4f90f965fc8ff3e4cbb7d55c360f034262e34c1,,2021-08-18 23:55:16 +0000,0xff0f573bdf4c23e41ea3ecd82efa66828706b711,0xe5c5227d8105d8d5f26ff3634eb52e2d7cc15b50,DEX,30000.0,ALBT,0x00a8b738e453ffd858a7edf03bccfe20412f0eb0,ERC20,19668.750042228323,3.900000000000001e-08,173584.0,120072,,,,0,
0x88e90171d865f2513dd9e711f1cd98b5aacadbf1424707fab90f91d94e252de8,,2021-08-18 23:54:33 +0000,0xff0f573bdf4c23e41ea3ecd82efa66828706b711,0xe5c5227d8105d8d5f26ff3634eb52e2d7cc15b50,DEX,30000.0,ALBT,0x00a8b738e453ffd858a7edf03bccfe20412f0eb0,ERC20,19668.750042228323,4.6e-08,173584.0,120072,,,,0,
0x5ea55bb068381f26f2b807b804b79f76bf1e137638fb0f18953f3b6f32379d8b,,2021-08-18 23:52:56 +0000,0xff0f573bdf4c23e41ea3ecd82efa66828706b711,0xe5c5227d8105d8d5f26ff3634eb52e2d7cc15b50,DEX,30000.0,ALBT,0x00a8b738e453ffd858a7edf03bccfe20412f0eb0,ERC20,19668.750042228323,4.6e-08,173584.0,120072,,,,0,
0xf957b17bfc8e54a725235f44c2e67e4cc6ebf79d58508372de7a026a077b4872,,2021-08-18 23:52:02 +0000,0xff0f573bdf4c23e41ea3ecd82efa66828706b711,0xe5c5227d8105d8d5f26ff3634eb52e2d7cc15b50,DEX,30000.0,ALBT,0x00a8b738e453ffd858a7edf03bccfe20412f0eb0,ERC20,19668.750042228323,6.000000000000002e-08,173584.0,120072,,,,0,
0xb3a1a67d25e8ad5f6ef176995e0f043a3eb44525f2c1f36aa35a5dda27a57093,,2021-08-18 23:49:44 +0000,0xff0f573bdf4c23e41ea3ecd82efa66828706b711,0xe5c5227d8105d8d5f26ff3634eb52e2d7cc15b50,DEX,24000.0,ALBT,0x00a8b738e453ffd858a7edf03bccfe20412f0eb0,ERC20,15735.00003378266,6.000000000000002e-08,161071.0,120060,,,,0,
0x02e4a69f7a5c793c1fd731475818850c2ebf3f65063b166cf5a8cee0314c5ef3,,2021-08-18 23:48:33 +0000,0xff0f573bdf4c23e41ea3ecd82efa66828706b711,0xe5c5227d8105d8d5f26ff3634eb52e2d7cc15b50,DEX,24000.0,ALBT,0x00a8b738e453ffd858a7edf03bccfe20412f0eb0,ERC20,15735.00003378266,6.000000000000002e-08,173570.0,120060,,,,0,
0xc4d06e297708bb4404ba544e5e3cd991ceaeaffb0099fd88881be4de023c13ba,,2021-08-18 23:27:32 +0000,0xff0f573bdf4c23e41ea3ecd82efa66828706b711,0x5d8ecef85058b33cc7130b975cfe07b548fee50a,Wallet,663946.0,SAND,0x3845badade8e6dff049820680d1f14bd3903a5d0,ERC20,394625.5821005475,4.8000000000000006e-08,51354.0,34236,,,,0,
0xec25cdd7b9b775e80d227d655fc4deb788c761b0e6236cb80b2b465c1906af20,,2021-08-18 23:20:18 +0000,0xff0f573bdf4c23e41ea3ecd82efa66828706b711,0x5d8ecef85058b33cc7130b975cfe07b548fee50a,Wallet,500000.0,SAND,0x3845badade8e6dff049820680d1f14bd3903a5d0,ERC20,297181.9862613432,6.600000000000002e-08,51354.0,34236,,,,0,
0x9e172b283bdb5035df1f2511a694c086ae5f6a78c08487ecb9b14ed25bd7b6a3,,2021-08-18 23:14:04 +0000,0xff0f573bdf4c23e41ea3ecd82efa66828706b711,0x5d8ecef85058b33cc7130b975cfe07b548fee50a,Wallet,500000.0,SAND,0x3845badade8e6dff049820680d1f14bd3903a5d0,ERC20,297181.9862613432,6.2e-08,100000.0,34236,,,,0,
0x45f740beeadaff7133f0a3c4717085fd50696b2a8f3bb5216b59d7d9edfdea74,,2021-08-18 23:08:08 +0000,0xff0f573bdf4c23e41ea3ecd82efa66828706b711,0x5d8ecef85058b33cc7130b975cfe07b548fee50a,Wallet,100000.0,SAND,0x3845badade8e6dff049820680d1f14bd3903a5d0,ERC20,59436.39725226864,8.2e-08,77004.0,51336,,,,0,
0xab3a760c453f946c35b563c1b8804a69f78c08f8829167b75312ee5c19ac6238,,2021-08-18 22:54:26 +0000,0xff0f573bdf4c23e41ea3ecd82efa66828706b711,0x5d3eed25350e5737c9377d5b4b9af69ca0d3444c,Wallet,10000.0,SAND,0x3845badade8e6dff049820680d1f14bd3903a5d0,ERC20,5943.639725226863,3.5e-08,76968.0,51336,,,,0,
