,Transaction ID,File Name
14036,0x0e0d16475d2ac6a4802437a35a21776e5c9b681a77fef1693b0badbb6afdb083,Multisig002.csv
13055,0x283fd14161d9841571acdc4b629de597bfdcdd197647ae32d3cd6ededc021f92,Enigma001.csv
13054,0xa22dafd9184d9eb54deb021d2467eb4e4aee84aee12146db24b8ea7df0a388f8,Enigma001.csv
13053,0x19fbce0811a4b85ab5456e2138a3d9d20411a51e2769afa7c44bf2555dd3d416,Enigma001.csv
13052,0x2307a3e627a49e2733f5c1280a88f3dffaf77c3eb82e480b7d44dba8b19a2982,Enigma001.csv
40259,0xd63b7df8caf2cec5b95b49c4377a7d82d2648d228e0ad3c98870c4014cb98cf5,RAI Finance001.csv
12575,0x78d6355703507f88f2090eb780d245b0ab26bf470eabdb004761cedf3b1cda44,SushiSwap001.csv
26159,0x573da368dee59749f25868f846473e2344b05684945465d65185832c89f803e9,EVA001.csv
26161,0xa966f3a36a5fd55a668ffe97600d7f26459e756280d894aab25baf1404957be5,EVA001.csv
37999,0xbddb0cc8bc9949321e1748f03503ed1a20dd618fbf0a51dc5734c975b1f8bdf5,Omni Bridge001.csv
38004,0xc3652f2ed07a9b7c60d7930ea1121c200585462ebfba84bfd3cc6f2c7b974e1c,Omni Bridge001.csv
38016,0xc6b714cc353f70ef51cfa1c74207f1d0e64abe8e3bed5c3375d29d3d2f539c86,Omni Bridge001.csv
