symbol,name,address,token_type,Transactions
WETH,Wrapped Ether,0xc02aaa39b223fe8d0a0e5c4f27ead9083c756cc2,ERC20,192128584
USDT,Tether USD,0xdac17f958d2ee523a2206206994597c13d831ec7,ERC20,154919242
USDC,USD//C,0xa0b86991c6218b36c1d19d4a2e9eb0ce3606eb48,ERC20,47022320
DAI,Dai Stablecoin,0x6b175474e89094c44da98b954eedeac495271d0f,ERC20,14986931
LINK,ChainLink Token,0x514910771af9ca656af840dff83e8264ecf986ca,ERC223,12878236
MGC,More Gold Coin,0x174bfa6600bf90c885c7c01c7031389ed1461ab9,ERC20,8947674
SHIB,SHIBA INU,0x95ad61b0a150d79219dcf64e1e6cc01f0b64c4ce,ERC20,8242887
CARD,Gods Unchained Cards,0x0e3a2a1f2146d86a604adc220b4967a898d7fe07,ERC721,8000460
STRONG,Strong,0x990f341946a3fdb507ae7e52d17851b87168017c,ERC20,6968399
CARD,Gods Unchained Cards,0x629cdec6acc980ebeebea9e5003bcd44db9fc5ce,ERC20,6680552
LPT,Livepeer Token,0x58b6a8a3302369daec383334672404ee733ab239,ERC20,6050443
CK,CryptoKitties,0x06012c8cf97bead5deae237070f9587f8e7a266d,ERC721,5583857
coToken,coToken,0x03cb0021808442ad5efb61197966aef72a1def96,ERC20,5370869
BNT,Bancor Network Token,0x1f573d6fb3f13d689ff844b4ce37794d79a7ff1c,ERC20,4729540
MATIC,Matic Token,0x7d1afa7b718fb893db30a3abc0cfc608aacfebb0,ERC20,4526278
WBTC,Wrapped BTC,0x2260fac5e5542a773aa44fbcfedf7c193bc2c599,ERC20,3896097
BAT,Basic Attention Token,0x0d8775f648430679a709e98d2b0cb6250d2887ef,ERC20,3865295
HEX,HEX,0x2b591e99afe9f32eaa6214f7b7629768c40eeb39,ERC20,3805989
OMG,OMGToken,0xd26114cd6ee289accf82350c8d8487fedb8a0c07,ERC20,3606822
UNI,Uniswap,0x1f9840a85d5af5bf1d1762f925bdaddc4201f984,ERC20,3592791
EOS,EOS,0x86fa049857e0209aa7d9e616f7eb3b3b78ecfdb0,ERC20,3570224
PAX,Paxos Token,0x8e870d67f660d95d5be530380d0ec0bd388289e1,ERC20,3348710
DAI,Dai Stablecoin v1.0,0x89d24a6b4ccb1b6faa2625fe562bdd9a23260359,ERC20,3237046
SUSHI,SushiToken,0x6b3595068778dd592e39a122f4f5a5cf09c90fe2,ERC20,3229775
CRV,Curve DAO Token,0xd533a949740bb3306d119cc777fa900ba034cd52,ERC20,3189259
LCS,Liberty Cash,0xe62e6e6c3b808faad3a54b226379466544d76ea4,ERC20,3051148
ENS,Ethereum Name Service,0x57f1887a8bf19b14fc0df6fd9b2acc9af147ea85,ERC721,2974678
BONE,BONE SHIBASWAP,0x9813037ee2218799597d83d4a5b6f3b6778218d9,ERC20,2972680
TRX,Tronix,0xf230b790e05390fc8295f4d3f60332c93bed42e2,ERC20,2950429
CHI,Chi Gastoken by 1inch,0x0000000000004946c0e9f43f4dee607b0ef1fa1c,ERC20,2605095
LOOKS,LooksRare Token,0xf4d2888d29d722226fafa5d9b24f9164c092421e,ERC20,2399571
MANA,Decentraland MANA,0x0f5d2fb29fb7d3cfee444a200298f468908cc942,ERC20,2300811
CPCT,CpcToken,0x8fdcc30eda7e94f1c12ce0280df6cd531e8365c5,ERC20,2220965
ZRX,0x Protocol Token,0xe41d2489571d322189246dafa5ebde1f4699f498,ERC20,2216697
SLP,Smooth Love Potion,0xcc8fa225d80b9c7d42f96e9570156c65d6caaa25,ERC20,2211136
ETH,Ether Token,0xc0829421c1d260bd3cb3e0f06cfe2d52db2ce315,ERC20,2209021
KOK,KOK Coin,0x9b9647431632af44be02ddd22477ed94d14aacaa,ERC20,2142621
MSD,MSD,0xac08809df1048b82959d6251fbc9538920bed1fa,ERC20,2114476
ENJ,Enjin Coin,0xf629cbd94d3791c9250152bd8dfbdf380e2a3b9c,ERC20,2109759
STORJ,StorjToken,0xb64ef51c888972c908cfacf59b47c1afbc0ab8ac,ERC20,2076409
-,-,-,-,1850751
COMP,Compound,0xc00e94cb662c3520282e6f5717214004a7f26888,ERC20,1827983
MKR,Maker,0x9f8f72aa9304c8b593d555f12ef6589cc3a579a2,ERC20,1725878
STRNGR,Stronger,0xdc0327d50e6c73db2f8117760592c8bbf1cdcf38,ERC20,1714812
ANEX,BitAnex Coin,0xdc17e8a84fee8b52e4de7a85160f8cdbb3bb2494,ERC20,1674525
ALC,Alchemy Coin,0x9e15f8ad98e95033c1d4798458cec34a4b5972b0,ERC20,1653849
SNX,Synthetix Network Token,0xc011a73ee8576fb46f5e1c5751ca3b9fe0af2a6f,ERC20,1645922
AAVE,Aave Token,0x7fc66500c84a76ad7e9c93437bfc5ac33e2ddae9,ERC20,1636609
MXM,Maximine Coin,0x8e766f57f7d16ca50b4a0b90b88f6468a09b0439,ERC20,1629664
YFI,yearn.finance,0x0bc529c00c6401aef6d220be8c6ea1667f6ad93e,ERC20,1627706
NPXS,Pundi X Token,0xa15c7ebe1f07caf6bff097d8a589fb8ac49ae5b3,ERC20,1622768
ESCH$,Esch$Token,0xa821f14fb6394e82839f5161f214cacc90372453,ERC20,1616682
KNC,Kyber Network Crystal,0xdd974d5c2e2928dea5f71b9825b8b646686bd200,ERC20,1563550
SCC,SiaCashCoin,0x74fd51a98a4a1ecbef8cc43be801cce630e260bd,ERC20,1551127
SAITAMA,Saitama Inu,0x8b3192f5eebd8579568a2ed41e6feb402f93f73f,ERC20,1530260
CRO,CRO,0xa0b73e1ff0b80914ab6fe0444e65848c4c34450b,ERC20,1477219
WUC,WorldUnitedCoins,0x9e9801bace260f58407c15e6e515c45918756e0f,ERC20,1427569
TUSD,TrueUSD,0x0000000000085d4780b73119b644ae5ecd22b376,ERC20,1427116
GALA,Gala,0x15d4c048f83bd7e37d49ea4c83a07267ec4203da,ERC20,1426658
PLANET,0xUniverse,0x06a6a7af298129e3a2ab396c9c06f91d3c54aba8,ERC20,1423986
SAND,SAND,0x3845badade8e6dff049820680d1f14bd3903a5d0,ERC20,1387510
BRC,Baer Chain,0x21ab6c9fac80c59d401b37cb43f81ea9dde7fe34,ERC20,1383012
SUT,SUM TOKEN,0x0e50e6d6bb434938d8fe670a2d7a14cd128eb50f,ERC20,1367719
KICK,KickToken,0xc12d1c73ee7dc3615ba4e37e4abfdbddfa38907e,ERC20,1358138
AXS,Axie Infinity Shard,0xbb0e17ef65f82ab018d8edd776e8dd940327b28b,ERC20,1349379
ALC,Alchemy Coin,0xa3f440ef604a6380a030360f85bb0dedb6db5a85,ERC20,1336333
HEALP,An Etheal Promo,0x7b2f9706cd8473b4f5b7758b0171a9933fc6c4d6,ERC20,1325117
NEST,NEST,0x04abeda201850ac0124161f037efd70c74ddc74c,ERC20,1315286
BEC,BeautyChain,0xc5d105e63711398af9bbff092d4b6769c82f793d,ERC20,1230065
1INCH,1INCH Token,0x111111111117dc0aa78b770fa6a738034120c302,ERC20,1223859
MNE,Minereum,0x426ca1ea2406c07d75db9585f22781c096e3d0e0,ERC20,1205431
MNE,Minereum,0xc92e74b131d7b1d46e60e07f3fae5d8877dd03f0,ERC20,1200236
BUSD,Binance USD,0x4fabb145d64652a948d72533023f6e7a623c7c53,ERC20,1192940
SSN,SuperSkyNet,0xa5b46ff9a887180c8fb2d97146398ddfc5fef1cd,ERC20,1191210
SBC,SBToken,0xcadb96858fe496bb6309622f9023ba2defb5d540,ERC20,1174979
WENI,WENI,0x68e54af74b22acaccffa04ccaad13be16ed14eac,ERC20,1165648
FOB,flamingostar,0xb64ffdca47d6c3895608c4e05faba6e617b3a031,ERC20,1161974
SOR,Sorare,0x629a673a8242c2ac4b7b8c5d8735fbeac21a6205,ERC721,1158279
OHM,Olympus,0x383518188c0c6d7730d91b2c03a03c837814a899,ERC20,1156019
GRT,Graph Token,0xc944e90c64b2c07662a292be6244bdf05cda44a7,ERC20,1153876
CHZ,chiliZ,0x3506424f91fd33084466f402d5d97f05f8e3b4af,ERC20,1130094
APE,ApeCoin,0x4d224452801aced8b2f0aebe155379bb5d594381,ERC20,1125601
POCC,POCC,0x912656188616e0184e3181f019022990a63280b1,ERC20,1119152
SNT,Status Network Token,0x744d70fdbe2ba4cf95131626614a1763df805b9e,ERC20,1104252
GNT,Golem Network Token,0xa74476443119a942de498590fe1f2454d7d4ac0d,ERC20,1086500
REN,Republic Token,0x408e41876cccdc0f92210600ef50372656052a38,ERC20,1028074
BAL,Balancer,0xba100000625a3754423978a60c9317c58a424e3d,ERC20,1019898
LRC,LoopringCoin V2,0xbbbbca6a901c926f240b89eacb641d8aec7aeafd,ERC20,1012520
VIU,VIU,0x519475b31653e46d20cd09f9fdcf3b12bdacb4f5,ERC20,1009512
CEL,Celsius,0xaaaebe6fe48e54f431b0c390cfaf0b017d09d42d,ERC20,1007784
FTM,Fantom Token,0x4e15361fd6b4bb609fa63c81a2be19d873717870,ERC20,1007505
ATB,ATB Banknote,0xbc4162d53f945266684f4e5e48d545f206bc1ca5,ERC20,982075
BNB,BNB,0xb8c77482e45f1f44de1745f52c74426c631bdd52,ERC20,974823
,,0x52903256dd18d85c2dc4a6c999907c9793ea61e3,ERC20,970917
AMPL,Ampleforth,0xd46ba6d942050d489dbd938a2c909a5d5039a161,ERC20,953836
TEP,Tepleton,0xd7cc16500d0b0ac3d0ba156a584865a43b0b0050,ERC20,941344
Fus,Fus,0x573aaaa81154cd24e96f0cb97fd86110b8f6767f,ERC20,937786
MOF,Molecular Future,0x653430560be843c4a3d143d0110e896c2ab8ac0d,ERC20,931833
AXIE,Axie,0xf5b0a3efb8e8e4c201e2a935f110eaaf3ffecb8d,ERC721,930004
5GH,5GH,0x62b9f8741bf53a6986a5411c0557c30f6f11f3af,ERC20,929997
sUSD,Synth sUSD,0x57ab1ec28d129707052df4df418d58a2d46d5f51,ERC20,904570
HOT,HoloToken,0x6c6ee5e31d828de241282b9606c8e98ea48526e2,ERC20,900967
KICK,KickCoin,0x27695e09149adc738a978e9a678f99e4c39e9eb9,ERC20,890314
CVC,Civic,0x41e5560054824ea6b0732e656e3ad64e20e94e45,ERC20,885885
UST,Wrapped UST Token,0xa47c8bf37f92abed4a126bda807a7b7498661acd,ERC20,876095
YTL,YottaLing,0x7c5cb1220bd293ff9cf903915732e51a71292038,ERC20,873219
GEC,Green (China) ecosystem,0x9dffe202df7f82ba57a7f8d571628805eff7fed9,ERC20,869904
LEND,EthLend Token,0x80fb784b7ed66730e8b1dbd9820afd29931aab03,ERC20,856926
ELON,Dogelon,0x761d38e5ddf6ccf6cf7c55759d5210750b5d60f3,ERC20,843109
DAB,DABANKING,0x5e7ebea68ab05198f771d77a875480314f1d0aae,ERC20,842538
NEXO,Nexo,0xb62132e35a6c13ee1ee0f84dc5d40bad8d815206,ERC20,842458
QNT,Quant,0x4a220e6096b25eadb88358cb44068a3248254675,ERC20,838126
EVO,EVO,0x3fea51daab1672d3385f6af02980e1462ca0687b,ERC20,817297
XNN,XENON,0xab95e915c123fded5bdfb6325e35ef5515f1ea69,ERC20,797790
POC,Power Candy,0xc9c4d9ec2b44b241361707679d3db0876ac10ca6,ERC20,791178
FUN,FunFair,0x419d0d8bdd9af5e606ae2232ed285aff190e711b,ERC20,791094
CVX,Convex Token,0x4e3fbd56cd56c3e72c1403e103b45db9da5b9d2b,ERC20,784170
MAVRO,Mavrodi,0x0d152b9ee87ebae179f64c067a966dd716c50742,ERC20,779193
NEP,NePay,0x1f0480a66883de97d2b054929252aae8f664c15c,ERC20,775566
MCAP,MCAP,0x93e682107d1e9defb0b5ee701c71707a4b2e46bc,ERC20,770311
SCF,SCF Token,0xd3ebdaea9aeac98de723f640bce4aa07e2e44192,ERC20,767563
IG,IG,0x8a88f04e0c905054d2f33b26bb3a46d7091a039a,ERC20,757599
KISHU,Kishu Inu,0xa2b4c0af19cc16a6cfacce81f192b024d625817d,ERC20,751584
MIP,MIP TOKEN,0x9b209d0df02c25fa7570c28c2add15225c3536ac,ERC20,748176
SOS,SOS,0x3b484b82567a09e2588a13d54d032153f0c0aee0,ERC20,744475
TT,Tellor Tributes,0x0ba45a8b5d5575935b8158a88c631e9f9c95a2e5,ERC20,738866
MYC,Mycion,0xe1ac9eb7cddabfd9e5ca49c23bd521afcdf8be49,ERC20,730118
VRA,VERA,0xf411903cbc70a74d22900a5de66a2dda66507255,ERC20,724812
FDS,FairDollars,0x931abd3732f7eada74190c8f89b46f8ba7103d54,ERC20,705325
BEC,BeautyChain,0x3495ffcee09012ab7d827abf3e3b3ae428a38443,ERC20,695545
sOHM,Staked Olympus,0x04f2694c8fcee23e8fd0dfea1d4f5bb8c352111f,ERC20,687280
HDS,HotDollars Token,0xcafe27178308351a12fffffdeb161d9d730da082,ERC20,683060
POWR,PowerLedger,0x595832f8fc6bf59c85c527fec3740a1b7a361269,ERC20,672735
DATA,Streamr DATAcoin,0x0cf0ee63788a0849fe5297f3407f701e122cc023,ERC20,667231
TUC,Tuzy Coin,0x5da8d37485b4374fc338fc1f1ea31d07eb7bedd3,ERC20,665509
TSR,Tesra AI Supernet,0x58959e0c71080434f237bd42d07cd84b74cef438,ERC20,661990
RSR,Reserve Rights,0x8762db106b2c2a0bccb3a80d1ed41273552616e8,ERC20,656685
3Crv,Curve.fi DAI/USDC/USDT,0x6c3f90f043a72fa612cbac8115ee7e52bde6e490,ERC20,656158
TEP,Tepleton,0x2e65e12b5f0fd1d58738c6f38da7d57f5f183d1c,ERC20,655185
HT,HuobiToken,0x6f259637dcd74c767781e37bc6133cd6a68aa161,ERC20,649673
BFX,BFX,0xbc2faad1ec407571249b0e874a9abd840111389b,ERC20,647910
SWAT,SWTCoin,0xc0f1728d9513efc316d0e93a0758c992f88b0809,ERC20,639995
GSE,GSENetwork,0xe530441f4f73bdb6dc2fa5af7c3fc5fd551ec838,ERC20,618076
POLY,Polymath,0x9992ec3cf6a55b00978cddf2b27bc6882d88d1ec,ERC20,611852
OCN,OCoin,0x4092678e4e78230f46a1534c0fbc8fa39780892b,ERC20,609367
DENT,DENT,0x3597bfd533a99c9aa083587b074434e61eb0a258,ERC20,605846
GODS,Gods Unchained,0x6ebeaf8e8e946f0716e6533a6f2cefc83f60e8ab,ERC721,603050
XYO,XY Oracle,0x55296f69f40ea6d20e478533c15a6b08b654e758,ERC20,600986
HHH,Healthy Happy Harmony,0x686b30a80826340a59afa564c2a01b79128eb7dd,ERC20,599213
AMP,Amp,0xff20817765cb7f73d4bde2e66e067e58d11095c2,ERC20,597333
blockwell.ai KYC Casper Token,blockwell.ai KYC Casper Token,0x212d95fccdf0366343350f486bda1ceafc0c2d63,ERC20,596259
HYN,Hyperion Token,0xe99a894a69d7c2e3c92e61b64c505a6a57d2bc07,ERC20,587067
SLP,Small Love Potion,0x37236cd05b34cc79d3715af2383e96dd7443dcf1,ERC20,586506
CARD,Gods Unchained Cards,0x564cb55c655f727b61d9baf258b547ca04e9e548,ERC721,580736
LEASH,DOGE KILLER,0x27c70cd1946795b66be9d954418546998b546634,ERC20,580204
BAO,BaoToken,0x374cb8c27130e2c9e04f44303f3c8351b9de61c1,ERC20,579458
MMTN,Mobile Mining Token,0x4d58b1e8007078ecc6eaf6df7527b64e46831d23,ERC20,579249
PAY,TenX Pay Token,0xb97048628db6b661d4c2aa833e95dbe1a905b280,ERC20,577442
ET,EXX Token,0x7a271d1df2c3f2fef734611c6c7ee6b9b8439204,ERC20,574086
YB,YB,0xc4131c1893576e078a0b637b653f3e6a18e137ac,ERC20,572030
FARM,FARM Reward Token,0xa0246c9032bc3a600820415ae600c6388619a14d,ERC20,571241
LUNA,Wrapped LUNA Token,0xd2877702675e6ceb975b4a1dff9fb7baf4c91ea9,ERC20,570952
Dozer,DozerDoll,0xbd13e53255ef917da7557db1b7d2d5c38a2efe24,ERC20,566898
IOV,CarLive Chain,0x0e69d0a2bbb30abcb7e5cfea0e4fde19c00a8d47,ERC20,563857
MST,-,0xa68920f6d3c996ac3c232e4e93914e9d76150735,ERC20,562420
ENS,Ethereum Name Service,0xc18360217d8f7ab5e7c516566761ea12ce7f9d72,ERC20,560246
SPELL,Spell Token,0x090185f2135308bad17527004364ebcc2d37e5f6,ERC20,553414
ELF,ELF Token,0xbf2179859fc6d5bee9bf9158632dc51678a4100e,ERC20,553059
SXP,Swipe,0x8ce9137d39326ad0cd6491fb5cc0cba0e089b6a9,ERC20,542070
USDA,USDA,0x3c7b464376db7c9927930cf50eefdea2eff3a66a,ERC20,533981
UBT,UniBright,0x8400d94a5cb0fa0d041a3788e395285d61c9ee5e,ERC20,532447
Zild,Zild Finance Coin,0x006699d34aa3013605d468d2755a2fe59a16b12b,ERC20,532012
HDRN,Hedron,0x3819f64f282bf135d62168c1e513280daf905e06,ERC20,526312
PAXG,Paxos Gold,0x45804880de22913dafe09f4980848ece6ecbaf78,ERC20,525827
LAMB,Lambda,0x8971f9fd7196e5cee2c1032b50f656855af7dd26,ERC20,525794
CR,Codex Record,0x8853b05833029e3cf8d3cbb592f9784fa43d2a79,ERC20,524328
KIN,Kin,0x818fc6c2ec5986bc6e2cbf00939d90556ab12ce5,ERC20,523597
AIRDROP,AirdropToken,0xba7435a4b4c747e0101780073eeda872a69bdcd4,ERC20,523340
ANKR,Ankr Network,0x8290333cef9e6d528dd5618fb97a76f268f3edd4,ERC20,516964
POLS,PolkastarterToken,0x83e6f1e41cdd28eaceb20cb649155049fac3d5aa,ERC20,516898
cUSDC,Compound USD Coin,0x39aa39c021dfbae8fac545936693ac917d5e7563,ERC20,516712
SALT,Salt,0x4156d3342d5c385a87d264f90653733592000581,ERC20,513534
LRC,Loopring,0xef68e7c694f40c8202821edf525de3782458639f,ERC20,512927
MCO,Monaco,0xb63b606ac810a52cca15e44bb630fd42d8d1d83d,ERC20,511744
BADGER,Badger,0x3472a5a71965499acd81997a54bba8d852c6e53d,ERC20,508988
DDAM,DDAM,0xd5dc8921a5c58fb0eba6db6b40eab40283dc3c01,ERC20,506823
GUSD,Gemini dollar,0x056fd409e1d7a124bd7017459dfea2f387b6d5cd,ERC20,506757
X2Y2,X2Y2Token,0x1e4ede388cbc9f4b5c79681b7f94d36a11abebc9,ERC20,501627
EGT,Egretia,0x8e1b448ec7adfc7fa35fc2e885678bd323176e34,ERC20,499624
REQ,Request Token,0x8f8221afbb33998d8584a2b05749ba73c37a938a,ERC20,495220
TUBE2,TUBE2,0xda86006036540822e0cd2861dbd2fd7ff9caa0e8,ERC20,494924
CODX,CodexCoin,0xf226e38c3007b3d974fc79bcf5a77750035436ee,ERC20,492784
VIN,VIN,0xf3e014fe81267870624132ef3a646b8e83853a96,ERC20,490287
VNDC,VNDC,0x1f3f677ecc58f6a1f9e2cf410df4776a8546b5de,ERC20,485648
MLBCB,LucidSight-MLB-NFT,0x8c9b261faef3b3c2e64ab5e58e04615f8c788099,ERC721,484261
ASKT,AskChain Token,0x1f28f618a2b4e1882ed062db9a4f6298f125e4b8,ERC20,481739
eMax,EthereumMax,0x15874d65e649880c2614e7a480cb7c9a55787ff6,ERC20,479467
Voken,Vision.Network 100G Token,0x82070415fee803f94ce5617be1878503e58f0a6a,ERC20,478793
ALCX,Alchemix,0xdbdb4d16eda451d0503b854cf79d55697f90c8df,ERC20,477971
REP,Reputation,0x1985365e9f78359a9b6ad760e32412f4a445e862,ERC20,476067
YFV,YFValue,0x45f24baeef268bb6d63aee5129015d69702bcdfa,ERC20,475907
NMR,Numeraire,0x1776e1f26f98b1a5df9cd347953a26dd3cb46671,ERC20,475865
BLOCKS,Art Blocks,0xa7d8d9ef8d8ce8992df33d8b8cf4aebabd5bd270,ERC721,473820
YTA,YottaCoin,0x5edc1a266e8b2c5e8086d373725df0690af7e3ea,ERC20,471622
EA,ethairdrop.io,0x3f5fa71ea48ae374faae502afa2e27715484c3b7,ERC20,469055
BTMC,MinerCoin,0x4a8f44be523580a11cdb20e2c7c470adf44ec9bb,ERC20,467026
AMB,Amber Token,0x4dc3643dbc642b72c158e7f3d2ff232df61cb6ce,ERC20,466317
SWAP,TrustSwap Token,0xcc4304a31d09258b0029ea7fe63d032f52e44efe,ERC20,465599
RARI,Rarible,0xfca59cd816ab1ead66534d82bc21e7515ce441cf,ERC20,462019
HTY,Hyper Technology,0xc45ba8f03ac63e4505ac5eed4985fb4e5e94383a,ERC20,457684
PFC,Power Fans ERC20 Token,0xa37d94e80eab7a5bcb6d2e76b7666e341e4b58f6,ERC20,455268
RLC,iEx.ec Network Token,0x607f4c5bb672230e8672085532f7e901544a7375,ERC20,453749
yDAI+yUSDC+yUSDT+yTUSD,Curve.fi yDAI/yUSDC/yUSDT/yTUSD,0xdf5e0e81dff6faf3a7e52ba697820c5e32d806a8,ERC20,453453
UBNK,UBNK,0x457476bc97adef10aba63fcadaefe503553fa0d2,ERC20,450732
OGN,OriginToken,0x8207c1ffc5b6804f6024322ccf34f29c3541ae26,ERC20,450243
KP3R,Keep3rV1,0x1ceb5cb57c4d4e2b2433641b95dd330a33185a44,ERC20,449664
SRM,Serum,0x476c5e26a75bd202a9683ffd34359c0cc15be0ff,ERC20,442973
ZIL,Zilliqa,0x05f4a42e251f2d52b8ed15e9fedaacfcef1fad27,ERC20,439607
aWETH,Aave interest bearing WETH,0x030ba81f1c18d280636f32af80b9aad02cf0854e,ERC20,438527
FNK,Finiko,0xb5fe099475d3030dde498c3bb6f3854f762a48ad,ERC20,438224
CRU,CRU,0x527b9715d99acfb7e1b01c6c864dc8402f2a3c3b,ERC20,436430
LON,Tokenlon,0x0000000000095413afc295d19edeb1ad7b71c952,ERC20,434295
GA,GA_chain,0xd77bcd9cf4212a41defbcd2e2ff0f50fea2be643,ERC20,433137
SUPER,SuperFarm,0xe53ec727dbdeb9e2d5456c3be40cff031ab40a55,ERC20,432760
UMA,UMA Voting Token v1,0x04fa0d235c4abf4bcf4787af4cf447de572ef828,ERC20,432657
CREAM,Cream,0x2ba592f78db6436527729929aaf6c908497cb200,ERC20,432102
FRAX,Frax,0x853d955acef822db058eb8505911ed77f175b99e,ERC20,429630
OCEAN,Ocean Token,0x967da4048cd07ab37855c090aaf366e4ce1b9f48,ERC20,425635
CANDY,CandyHCoin,0x45555629aabfea138ead1c1e5f2ac3cce2add830,ERC20,425337
GTL,Golden Time of Life,0xaafd35ddb9189995937a2862e8ff17519f5aae78,ERC20,422736
PCPT,PCPToken,0x5b8174e20996ec743f01d3b55a35dd376429c596,ERC20,420295
MXM,Maximine Coin,0x6a750d255416483bec1a31ca7050c6dac4263b57,ERC20,416584
VEN,VeChain Token,0xd850942ef8811f2a866692a623011bde52a462c1,ERC20,415847
VIDY,VidyCoin,0xc77b230f31b517f1ef362e59c173c2be6540b5e8,ERC20,415754
DNT,district0x Network Token,0x0abdace70d3790235af448c88547603b945604ea,ERC20,414719
PICKLE,PickleToken,0x429881672b9ae42b8eba0e26cd9c73711b891ca5,ERC20,412084
DROP,Dropil,0x4672bad527107471cb5067a887f4656d585a8a31,ERC20,411415
BAND,BandToken,0xba11d00c5f74255f56a5e366f4f77f5a186d7f55,ERC20,409399
XSR,xensor,0x6bc1f3a1ae56231dbb64d3e82e070857eae86045,ERC20,407661
PPT,Populous Platform,0xd4fa1460f537bb9085d22c7bccb5dd450ef28e3a,ERC20,403444
EBK,Ebakus,0xbddab785b306bcd9fb056da189615cc8ece1d823,ERC20,403344
vb,video blog,0xd736915f7d9f70a0f1837f90aa7b437264c20dc0,ERC20,396527
xSHIB,xShib Staked Shiba Inu,0xb4a81261b16b92af0b9f7c4a83f1e885132d81e4,ERC20,392640
FXS,Frax Share,0x3432b6a60d23ca0dfca7761b7ab56459d9c964d0,ERC20,390478
FNDNFT,FND NFT,0x3b3ee1931dc30c1957379fac9aba94d1c48a5405,ERC20,388894
BCAC,BCAChain Initial Token,0xe36df5bb57e80629cfc28a31e5f794071c085eca,ERC20,388647
Veros,Veros,0xedbaf3c5100302dcdda53269322f3730b1f0416d,ERC20,387402
TEL,Telcoin,0x467bccd9d29f223bce8043b84e8c8b282827790f,ERC20,379914
HHOS1,HyperNFT_HOS_1.0,0x929832b1f1515cf02c9548a0ff454f1b0e216b18,ERC20,378423
stETH,Liquid staked Ether 2.0,0xae7ab96520de3a18e5e111b5eaab095312d7fe84,ERC20,377393
SCC,Sea Cucumber Chain,0xe6b75a1960f91bfa7010dec8543685ead67f8cff,ERC20,376828
PETH,Pooled Ether,0xf53ad2c6851052a81b42133467480961b2321c09,ERC20,376547
MIR,Wrapped MIR Token,0x09a3ecafa817268f77be1283176b946c4ff2e608,ERC20,375569
CULT,Cult DAO,0xf0f9d895aca5c8678f706fb8216fa22957685a13,ERC20,373944
DEGO,dego.finance,0x88ef27e69108b2633f8e1c184cc37940a075cc02,ERC20,373871
AKITA,Akita Inu,0x3301ee63fb29f863f2333bd4466acb46cd8323e6,ERC20,371542
NOAH,NOAHCOIN,0x58a4884182d9e835597f405e5f258290e46ae7c2,ERC20,371190
WBX,WiBX Utility Token,0xbb97e381f1d1e94ffa2a5844f6875e6146981009,ERC20,370862
cETH,Compound Ether,0x4ddc2d193948926d02f9b1fe9e1daa0718270ed5,ERC20,367714
ICBB,Internet Cashowbiz,0xfc87d4f82fc5fe80a2d1692ffee872b2517c34c7,ERC20,367511
EMPR,empowr,0xe7d7b37e72510309db27c460378f957b1b04bd5d,ERC20,363792
UFO,THE TRUTH,0x249e38ea4102d0cf8264d3701f1a0e39c4f2dc3b,ERC20,362029
GSGC,GSG coin,0x151bc71a40c56c7cb3317d86996fd0b4ff9bd907,ERC20,361770
LDO,Lido DAO Token,0x5a98fcbea516cf06857215779fd812ca3bef1b32,ERC20,360308
UCASH,UCASH,0x92e52a1a235d9a103d970901066ce910aacefd37,ERC20,357948
FNK,FunKoin,0x816051e2203ca534c4336d8d6df71987fa3ae0bd,ERC20,357588
ERN,@EthernityChain $ERN Token,0xbbc2ae13b23d715c30720f079fcd9b4a74093505,ERC20,356138
AZ,Azbit,0x77fe30b2cf39245267c0a5084b66a560f1cf9e1f,ERC20,355868
renBTC,renBTC,0xeb4c2781e4eba804ce9a9803c67d0893436bb27d,ERC20,353857
DAO,DAO Maker,0x0f51bb10119727a7e5ea3538074fb341f56b09ad,ERC20,352704
EMCO,EmcoToken,0xd97e471695f73d8186deabc1ab5b8765e667cd96,ERC20,351550
DTA,Data Token,0x69b148395ce0015c13e36bffbad63f49ef874e03,ERC20,350379
PMOD,Promodl,0xaf47ebbd460f21c2b3262726572ca8812d7143b0,ERC20,349953
OXT,Orchid,0x4575f41308ec1483f3d399aa9a2826d74da13deb,ERC20,349572
MTL,Metal,0xf433089366899d83a9f26a773d59ec7ecf30355e,ERC20,349345
GTO,Gifto,0xc5bbae50781be1669306b9e001eff57a2957b09d,ERC20,347995
UD,.crypto,0xd1e5b0ff1287aa9f9a268759062e4ab08b9dacbe,ERC721,347432
WOO,Wootrade Network,0x4691937a7508860f876c9c0a2a617e7d9e945d4b,ERC20,344247
DODO,DODO bird,0x43dfc4159d86f3a37a5a4b3d4580b888ad7d4ddd,ERC20,342766
MUSE,Muse,0xb6ca7399b4f9ca56fc27cbff44f4d2e4eef1fc81,ERC20,341171
CPTLX,Capital Coin Extended,0x504b60a4133699c7056b58d3fe11ea73865a2d65,ERC20,340987
ODF,Omniscience Dedication Financial,0xab4e1802c61e12fd7b10a69a226f5d727c76a8aa,ERC20,340570
LAND,Sandbox's LANDs,0x50f5474724e0ee42d9a4e711ccfb275809fd6d4a,ERC721,339087
BITE,Bitcoin EOS,0x1530df3e1c69501d4ecb7e58eb045b90de158873,ERC20,338628
VALUE,Value Liquidity,0x49e833337ece7afe375e44f4e3e8481029218e5c,ERC20,337529
MFT,Mainframe Token,0xdf2c7238198ad8b389666574f2d8bc411a4b7428,ERC20,335981
PERP,Perpetual,0xbc396689893d065f41bc2c6ecbee5e0085233447,ERC20,334323
RYOSHI,Ryoshis Vision,0x777e2ae845272a2f540ebf6a3d03734a5a8f618e,ERC20,334102
cDAI,Compound Dai,0x5d3a536e4d6dbd6114cc1ead35777bab948e3643,ERC20,333874
WIB,WIBSON,0x3f17dd476faf0a4855572f0b6ed5115d9bba22ad,ERC20,333809
ANT,Aragon Network Token,0x960b236a07cf122663c4303350609a66a7b288c0,ERC20,333514
API3,API3,0x0b38210ea11411557c13457d4da7dc6ea731b88a,ERC20,333201
YFII,YFII.finance,0xa1d0e215a23d7030842fc67ce582a6afa3ccab83,ERC20,333057
DRGN,Dragon,0x419c4db4b9e25d6db2ad9691ccb832c8d9fda05e,ERC20,332562
UNI-V3-POS,Uniswap V3 Positions NFT-V1,0xc36442b4a4522e871399cd717abdd847ab11fe88,ERC721,331677
BTCM,Bitcoinereum,0x03df4c372a29376d2c8df33a1b5f001cd8d68b0e,ERC20,330242
TRU,Truebit,0xf65b5c5104c4fafd4b709d9d60a185eae063276c,ERC20,328352
PMON,Polkamon,0x1796ae0b0fa4862485106a0de9b654efe301d0b2,ERC20,327643
BCLS,Block Chain Little Sister,0x3616fd03f11e22942e4fc01cdd0f1ca7cc7bb93d,ERC20,327434
FEG,FEGtoken,0x389999216860ab8e0175387a0c90e5c52522c945,ERC20,326885
ECT,EC-Token,0xbcc394d45c3613530a83cae62c716dc23b7f2152,ERC20,326096
QTUM,Qtum,0x9a642d6b3368ddc662ca244badf32cda716005bc,ERC20,324965
AKRO,Akropolis,0x8ab7404063ec4dbcfd4598215992dc3f8ec853d7,ERC20,322858
SSLP,ShibaSwap LP Token,0xefb47fcfcad4f96c83d4ca676842fb03ef20a477,ERC20,322520
KBC,KaratBank Coin,0xf3586684107ce0859c44aa2b2e0fb8cd8731a15a,ERC20,321707
ALBT,AllianceBlock Token,0x00a8b738e453ffd858a7edf03bccfe20412f0eb0,ERC20,320307
UNQT,Unique Utility Token,0xa80f2c8f61c56546001f5fc2eb8d6e4e72c45d4c,ERC20,319636
HTI,Hybrid Token International,0x4331e8d6358097ed9d253e6e3e6ccd93fe5960a4,ERC20,318239
CFTI,Confetti,0xcfef8857e9c80e3440a823971420f7fa5f62f020,ERC20,318001
DYDX,dYdX,0x92d6c1e31e14520e676a687f0a93788b716beff5,ERC20,316856
aUSDC,Aave interest bearing USDC,0xbcca60bb61934080951369a648fb03df4f96263c,ERC20,316746
AVINOC,AVINOC Token,0xf1ca9cb74685755965c7458528a36934df52a3ef,ERC20,316728
FTX Token,FTT,0x50d1c9771902476076ecfc8b2a83ad6b9355a4c9,ERC20,316537
TNT,Tierion Network Token,0x08f5a9235b08173b7569f83645d2c7fb55e8ccd8,ERC20,316352
CORE,cVault.finance,0x62359ed7505efc61ff1d56fef82158ccaffa23d7,ERC20,316192
STAKE,STAKE,0x0ae055097c6d159879521c384f1d2123d1f195e6,ERC20,315342
YUN,Yun Planet,0x02b3c88b805f1c6982e38ea1d40a1d83f159c3d4,ERC20,314693
10SET,10Set Token,0x7ff4169a6b5122b664c51c95727d87750ec07c84,ERC20,313803
,,0xb5a5f22694352c15b00323844ad545abb2b11028,ERC20,312842
IT,IDAX Token,0xbf5f8bfcee9502a30018d91c63eca66980e6e9bb,ERC20,312437
STORM,Storm Token,0xd0a4b8946cb52f0661273bfbc6fd0e0c75fc6433,ERC20,312365
CPTL,Capital Coin,0xda605fd5e003e6de0f33f6474080623fa6483e3e,ERC20,310841
RFR,Refereum,0xd0929d411954c47438dc1d871dd6081f5c5e149c,ERC20,310141
BTM,Bytom,0xcb97e65f07da24d46bcdd078ebebd7c6e6e3d750,ERC20,307442
VERI,Veritaseum,0x8f3470a7388c05ee4e7af3d01d8c722b0ff52374,ERC20,307248
0xBTC,0xBitcoin Token,0xb6ed7644c69416d67b522e20bc294a9a9b405b31,ERC20,306897
AE,Aeternity,0x5ca9a71b1d01849c0a95490cc00559717fcf0d1d,ERC20,306192
LOOM,LoomToken,0xa4e8c3ec456107ea67d3075bf9e3df3a75823db0,ERC20,304207
ORME,Ormeus Coin,0x516e5436bafdc11083654de7bb9b95382d08d5de,ERC20,303911
IOST,IOSToken,0xfa1a856cfa3409cfa145fa4e20eb270df3eb21ab,ERC20,301519
LPOOL,Launchpool token,0x6149c26cd2f7b5ccdb32029af817123f6e37df5b,ERC20,301495
NU,NuCypher,0x4fe83213d56308330ec302a8bd641f1d0113a4cc,ERC20,301468
FIGHTER,Fighter,0x87e738a3d5e5345d6212d8982205a564289e6324,ERC721,300361
GNO,Gnosis Token,0x6810e776880c02933d47db1b9fc05908e5386b96,ERC20,299721
PANDO,PANDO,0x252b9f56359901a0bde52d0675b1f1130d86f471,ERC20,299082
BOND,BarnBridge Governance Token,0x0391d2021f89dc339f60fff84546ea23e337750f,ERC20,298512
SEN,SchrodingerEquationNet,0xbd65f6f9f9f87af2a677709e132debc3f242671d,ERC20,297633
MTA,Meta,0xa3bed4e1c75d00fa6f4e5e6922db7261b5e9acd2,ERC20,296598
ILV,Illuvium,0x767fe9edc9e0df98e07454847909b5e959d7ca0e,ERC20,296374
٨,Dentacoin,0x08d32b0da63e2c3bcf8019c9c5d849d7a9d791e6,ERC20,295839
nCash,NucleusVision,0x809826cceab68c387726af962713b64cb5cb3cca,ERC20,295542
CAT,BitClave,0x1234567461d3f8db7496581774bd869c83d51c93,ERC20,293178
RIDE,RideNode,0x1d6364000dcae6c800aff1a7086a2cd7c56f88c1,ERC20,292684
ENU,Enumivo,0x275b69aa7c8c1d648a0557656bce1c286e69a29d,ERC20,290853
STT,Scatter.cx,0xac9bb427953ac7fddc562adca86cf42d988047fd,ERC20,290825
FRES,FRESCO,0x351d5ea36941861d0c03fdfb24a8c2cb106e068b,ERC20,290553
OAP,Open Alexa Protocol,0x1788430620960f9a70e3dc14202a3a35dde1a316,ERC20,289088
ALPHA,AlphaToken,0xa1faa113cbe53436df28ff0aee54275c13b40975,ERC20,287887
E2C,Electronic Energy Coin,0x08ceed1e8db59acbb687a5752f0a7db815cfda5e,ERC20,287456
cvxCRV,Convex CRV,0x62b9c7356a2dc64a1969e19c23e4f579f9810aa7,ERC20,284367
ETHOS,Ethos,0x5af2be193a6abca9c8817001f45744777db30756,ERC20,284299
IMX,Immutable X,0xf57e7e7c23978c3caec3c3548e3d615c346e79ff,ERC20,284014
wNXM,Wrapped NXM,0x0d438f3b5175bebc262bf23753c1e53d03432bde,ERC20,282537
BUX,Buytex,0x12d79c345cac7b050a5ff0797b5a607e254c73f5,ERC20,281778
LUA,LuaToken,0xb1f66997a5760428d3a87d68b90bfe0ae64121cc,ERC20,281609
GST,GreenSatoshiToken,0x473037de59cf9484632f4a27b509cfe8d4a31404,ERC20,281551
RCN,Ripio Credit Network Token,0xf970b8e36e23f7fc3fd752eea86f8be8d83375a6,ERC20,280814
STARL,StarLink,0x8e6cd950ad6ba651f6dd608dc70e5886b1aa6b24,ERC20,279243
eRSDL,UnFederalReserveToken,0x5218e472cfcfe0b64a064f055b43b4cdc9efd3a6,ERC20,279121
Wdc,Wisdom chain,0x8912358d977e123b51ecad1ffa0cc4a7e32ff774,ERC20,278894
DIA,DIAToken,0x84ca8bc7997272c7cfb4d0cd3d55cd942b3c9419,ERC20,276223
QSP,Quantstamp Token,0x99ea4db9ee77acd40b119bd1dc4e33e1c070b80d,ERC20,275274
TOS,ThingsOpreatingSystem,0xfb5a551374b656c6e39787b1d3a03feab7f3a98e,ERC20,274994
BULLEON PROMO,Bulleon Promo Token,0xd4de05944572d142fbf70f3f010891a35ac15188,ERC20,274675
SINOC,Sinoc,0xcba8162778e6a3eba60e1cf7c012b327340bd05d,ERC20,274590
PNT,Penta Network Token,0x53066cddbc0099eb6c96785d9b3df2aaeede5da3,ERC20,273350
RLY,Rally,0xf1f955016ecbcd7321c7266bccfb96c68ea5e49b,ERC20,272390
OPTC,OPTICAL NETWORK,0x3cc83c2400e00a54fa1e588d62bc28bf15d5def5,ERC20,272306
Only,OnlyChain,0x9eec65e5b998db6845321baa915ec3338b1a469b,ERC20,272007
DACC,Decentralized Accessible Content Chain,0xf8c595d070d104377f58715ce2e6c93e49a87f3c,ERC20,270221
FEI,Fei USD,0x956f47f50a910163d8bf957cf5846d573e7f87ca,ERC20,269460
mUSD,mStable USD,0xe2f2a5c287993345a840db3b0845fbc70f5935a5,ERC20,268713
GDC,GDC Coin,0x6267873a5a0a1647a8fbb25541605a0815e04d74,ERC20,268206
OG,Oogear,0xe89c20096b636ffec9fd26d1a623f42a33ead309,ERC20,268182
IOTX,IoTeX Network,0x6fb3e0a217407efff7ca062d46c26e5d60a14d69,ERC20,267923
DSCB,DataShieldCoinBank,0x42f1d3380cc1526eb182343dc3bdd970ce664322,ERC20,267601
POGO1,TEST POGO 1,0x47a16e51bcc89c0015622fe83eb482a4522f6c5c,ERC20,266385
STMX,StormX,0xbe9375c6a420d2eeb258962efb95551a5b722803,ERC20,265465
SOP,SoPay,0x076641af1b8f06b7f8c92587156143c109002cbe,ERC20,264923
SFR,SunflowerToken,0x8ab98c28295ea3bd2db6ac8b3ca57a625c054bd1,ERC20,263341
OHM,Olympus,0x64aa3364f17a4d01c6f1751fd97c2bd3d7e7f1d5,ERC20,263096
MT,MT Token,0x9b4e2b4b13d125238aa0480dd42b4f6fc71b37cc,ERC20,262052
nUSD,Nomin USD,0x57ab1e02fee23774580c119740129eac7081e9d3,ERC20,261760
HOGE,hoge.finance,0xfad45e47083e4607302aa43c65fb3106f1cd7607,ERC20,258886
TRAC,Trace Token,0xaa7a9ca87d3694b5755f213b5d04094b8d0f0a6f,ERC20,258656
LOVC,Love Wine Coin,0x49592d97be49033615a7fbc02c6853e4c58eb9bc,ERC20,257925
MAG,MekaApes Game,0xc71a726d390bf02b4af8920c0820970310d0f367,ERC721,257253
TMTG,The Midas Touch Gold,0x10086399dd8c1e3de736724af52587a2044c9fa2,ERC20,254868
COTI,COTI Token,0xddb3422497e61e13543bea06989c0789117555c5,ERC20,254441
BC,BlockchainCuties,0xd73be539d6b2076bab83ca6ba62dfe189abc6bbe,ERC721,254017
POCT,ProofOfContributionToken,0x966daed1348fbd894bb6c404d9cddf78a9932913,ERC20,253748
BONDLY,Bondly Token,0xd2dda223b2617cb616c1580db421e4cfae6a8a85,ERC20,252170
SRN,SIRIN,0x68d57c9a1c35f63e2c83ee8e49a64e9d70528d25,ERC20,252013
WTC,Walton Token,0xb7cb1c96db6b22b0d3d9536e0108d062bd488f74,ERC20,251168
AUDIO,Audius,0x18aaa7115705e8be94bffebde57af9bfc265b998,ERC20,250321
MITx,Morpheus Infrastructure Token,0x4a527d8fc13c5203ab24ba0944f4cb14658d1db6,ERC20,249438
KAR,Karl Benz,0xd9e24d0f97ab29d23734d5122f87e333a371321b,ERC20,249268
AO,Aurum0x  Protocol,0xd2299b3098cf5e13144caebfdad61ebe505233dc,ERC20,249133
WIN,WinCoin,0x65c0469fa7a3ceb8130598e90f5f76c11b7e51aa,ERC20,249054
FACC,FOR Agriculture Coin,0xa720911a58d948fc9328560aecfc51e907404fc4,ERC20,247567
HOKK,Hokkaidu Inu,0xc40af1e4fecfa05ce6bab79dcd8b373d2e436c4e,ERC20,247406
ROOK,ROOK,0xfa5047c9c78b8877af97bdcb85db743fd7313d4a,ERC20,245736
CRPT,CrypteriumToken,0x80a7e048f37a50500351c204cb407766fa3bae7f,ERC20,245594
WOOL,WOOL,0x8355dbe8b0e275abad27eb843f3eaf3fc855e525,ERC20,244435
OTHR,Otherdeed,0x34d85c9cdeb23fa97cb08333b511ac86e1c4e258,ERC721,244121
PETRON,PETRON PAY SECURITY TOKEN,0x43789e8aeef0d30cffb57fc0870a5c785b7b93a1,ERC20,243831
BTRFLY,BTRFLY,0xc0d4ceb216b3ba9c3701b291766fdcba977cec3a,ERC20,242961
EURS,STASIS EURS Token,0xdb25f211ab05b1c97d595516f45794528a807ad8,ERC20,242420
SHINJA,Shibnobi,0xab167e816e4d76089119900e941befdfa37d6b32,ERC20,240687
BRM,BrahmaOS,0xd7732e3783b0047aa251928960063f863ad022d8,ERC20,240055
REEF,Reef.finance,0xfe3e6a25e6b192a42a44ecddcd13796471735acf,ERC20,239919
XOR,Sora Token,0x40fd72257597aa14c7231a7b1aaa29fce868f677,ERC20,239155
TOKE,Tokemak,0x2e9d63788249371f1dfc918a52f8d799f4a38c94,ERC20,238562
CND,Cindicator Token,0xd4c435f5b09f855c3317c8524cb1f586e42795fa,ERC20,238373
RNDR,Render Token,0x6de037ef9ad2725eb40118bb1702ebb27e4aeb24,ERC20,238253
ROT,RottenToken,0xd04785c4d8195e4a54d9dec3a9043872875ae9e2,ERC20,238081
PLAY,Herocoin,0xe477292f1b3268687a29376116b0ed27a9c76170,ERC20,237684
FORTH,Ampleforth Governance,0x77fba179c79de5b7653f68b5039af940ada60ce0,ERC20,237047
iDAG,iDAG SPACE,0xb68042de5b3da08a80c20d29aefab999d0848385,ERC20,236897
XCEL,XCELTOKEN,0xf6276830c265a779a2225b9d2fcbab790cbeb92b,ERC20,236570
ABT,American Bank Token,0x1a77cc30e8d7cb528520cda6b29279e7d859896a,ERC20,235947
MIM,Magic Internet Money,0x99d8a9c45b2eca8864373a26d1459e3dff1e17f3,ERC20,235364
NIOX,NIOX,0xe6aaceda7d6bc119df866f8b5228073d9a992734,ERC20,235178
CPOS,CoinPOS,0x3b8a1122316a9520b4ffe867f56a130c1524a64f,ERC20,232357
VISR,VISOR,0xf938424f7210f31df2aee3011291b658f872e91e,ERC20,231176
KEEP,KEEP Token,0x85eee30c52b0b379b046fb0f85f4f3dc3009afec,ERC20,231094
BFC,Bit Financial,0x4d31200e6d7854c2f664af7fc38a21600960f74d,ERC20,230871
Metis,Metis Token,0x9e32b13ce7f2e80a01932b42553652e053d6ed8e,ERC20,230691
MAGGOT,MaggotToken,0x163c754ef4d9c03fc7fa9cf6dd43bfc760e6ce89,ERC20,229573
VIDT,V-ID Token,0x445f51299ef3307dbd75036dd896565f5b4bf7a5,ERC20,228169
AGI,SingularityNET Token,0x8eb24319393716668d768dcec29356ae9cffe285,ERC20,227943
xSUSHI,SushiBar,0x8798249c2e607446efb7ad49ec89dd1865ff4272,ERC20,227929
ROSE,RoseToken,0xc24ee3a1b395c600eb74eb8293c203c123abf71f,ERC20,227611
JASMY,JasmyCoin,0x7420b4b9a0110cdc71fb720908340c03f9bc03ec,ERC20,227260
RARI,Rarible,0x60f80121c31a0d46b5279700f9df786054aa5ee5,ERC721,226357
MMT,Master Mix Token,0x6ef77d991eb5306e9f235abc0cc65925da398ad0,ERC20,225289
DMG,DMM: Governance,0xed91879919b71bb6905f23af0a68d231ecf87b14,ERC20,224986
REP,Reputation,0xe94327d07fc17907b4db788e5adf2ed424addff6,ERC20,224843
RND,random,0x1c7e83f8c581a967940dbfa7984744646ae46b29,ERC20,224760
STA,Statera,0xa7de087329bfcda5639247f96140f9dabe3deed1,ERC20,224425
AOA,Aurora,0x9ab165d795019b6d8b3e971dda91071421305e5a,ERC20,224197
SKW,SKW,0x007ac2f589eb9d4fe1cea9f46b5f4f52dab73dd4,ERC20,224014
LUSD,LUSD Stablecoin,0x5f98805a4e8be255a32880fdec7f6728c6568ba0,ERC20,223769
TRIBE,Tribe,0xc7283b66eb1eb5fb86327f08e1b5816b0720212b,ERC20,223648
ICST,Individual Content ,0xe6bc60a00b81c7f3cbc8f4ef3b0a6805b6851753,ERC20,223314
FTcoin,Fund Token Coin,0x2b7922fdf76fb3466902c7b702a20ea6a450a0a0,ERC20,223116
BZRX,bZx Protocol Token,0x56d811088235f11c8920698a204a5010a788f4b3,ERC20,222885
MLN,Melon Token,0xec67005c4e498ec7f55e092bd1d35cbc47c91892,ERC20,222004
KEY,KEY,0x4cd988afbad37289baaf53c13e98e2bd46aaea8c,ERC20,221767
gOHM,Governance OHM,0x0ab87046fbb341d058f17cbc4c1133f25a20a52f,ERC20,221202
LBA,LibraToken,0xfe5f141bf94fe84bc28ded0ab966c16b17490657,ERC20,220776
MNC,MainCoin,0x9f0f1be08591ab7d990faf910b38ed5d60e4d5bf,ERC20,220662
RUNE,THORChain ETH.RUNE,0x3155ba85d5f96b2d030a4966af206230e46849cb,ERC20,220654
ORBS,Orbs,0xff56cc6b1e6ded347aa0b7676c85ab0b3d08b0fa,ERC20,220160
GCC,GameCell,0x8bcb64bfda77905398b67af0af084c744e777a20,ERC20,220106
ZTH,Zethr,0xd48b633045af65ff636f3c6edd744748351e020d,ERC20,219331
BAC,BAC,0x3449fc1cd036255ba1eb19d65ff4ba2b8903a69a,ERC20,219024
FOX,FOX,0xc770eefad204b5180df6a14ee197d99d808ee52d,ERC20,218829
ONOT,ONOT,0xb31c219959e06f9afbeb36b388a4bad13e802725,ERC20,218244
PBR,PolkaBridge,0x298d492e8c1d909d3f63bc4a36c66c64acb3d695,ERC20,218212
BAX,BAX,0x9a0242b7a33dacbe40edb927834f96eb39f8fbcb,ERC20,218014
cUSD,cUSD Currency,0x5c406d99e04b8494dc253fcc52943ef82bca7d75,ERC20,217726
VPAD,VLaunch,0x51fe2e572e97bfeb1d719809d743ec2675924edc,ERC20,217337
LQTY,LQTY,0x6dea81c8171d0ba574754ef6f8b412f2ed88c54d,ERC20,216511
C1ORP,Crowd1 Owner Rights Pioneer,0xb1656c8fe15b1ac60760777a8e45f5d7cd1d24ec,ERC20,215177
AST,AirSwap Token,0x27054b13b1b798b345b591a4d22e6562d47ea75a,ERC20,214675
B91,B91Token,0x1519aff03b3e23722511d2576c769a77baf09580,ERC20,214407
CRE,CarryToken,0x115ec79f1de567ec68b7ae7eda501b406626478e,ERC20,214201
SaitaRealty,SaitaRealty,0x8a99d2cfc8b676d193fbeed3140bbb57a7c58023,ERC20,214088
HAV,Havven,0xc011a72400e58ecd99ee497cf89e3775d4bd732f,ERC20,213175
RING,Evolution Land Global Token,0x9469d013805bffb7d3debe5e7839237e535ec483,ERC20,213123
HNW,Hurricane Network,0x1c040c4ab9acce984d0d4c135576598013950e52,ERC20,211830
PRIA,PRIA,0xb9871cb10738eada636432e86fc0cb920dc3de24,ERC20,211652
PRQ,Parsiq Token,0x362bc847a3a9637d3af6624eec853618a43ed7d2,ERC20,211454
HUSD,HUSD,0xdf574c24545e5ffecb9a659c229253d4111d87e1,ERC20,211343
YGG,Yield Guild Games Token,0x25f8087ead173b73d6e8b84329989a8eea16cf73,ERC20,210620
XMX,XMAX,0x0f8c45b896784a1e408526b9300519ef8660209c,ERC20,209461
BLZ,Bluzelle Token,0x5732046a883704404f284ce41ffadd5b007fd668,ERC20,209299
LXT,LiteXToken,0xbc46d9961a3932f7d6b64abfdec80c1816c4b835,ERC20,209285
ALC,Alchemy Coin,0x1953da0e7087ca94fa3bc467fb3599c9285a3b47,ERC20,209222
DRCT,DRC Token,0x91cdb5bb5969bfed2373e97378354052bbc606f2,ERC20,209169
CVP,Concentrated Voting Power,0x38e4adb44ef08f22f5b5b76a8f0c2d0dcbe7dca1,ERC20,209163
ORN,Orion Protocol,0x0258f474786ddfd37abce6df6bbb1dd5dfc4434a,ERC20,208756
BCV,BitCapitalVendorToken,0x1014613e2b3cbc4d575054d4982e580d9b99d7b1,ERC20,206829
DPI,DefiPulse Index,0x1494ca1f11d487c2bbe4543e90080aeba4ba3c2b,ERC20,206528
KCASH,Kcash,0x32d74896f05204d1b6ae7b0a3cebd7fc0cd8f9c7,ERC20,206527
REVV,REVV,0x557b933a7c2c45672b610f8954a3deb39a51a8ca,ERC20,206194
CMT,CyberMiles Token,0xf85feea2fdd81d51177f6b8f35f0e6734ce45f5f,ERC20,205961
WPR,WePower Token,0x4cf488387f035ff08c371515562cba712f9015d4,ERC20,205510
DCNT,DECENTURION,0x001575786dfa7b9d9d1324ec308785738f80a951,ERC20,205273
BQ,bitqy,0xf0f8b0b8dbb1124261fc8d778e2287e3fd2cf4f5,ERC20,205248
WnD,Wizards & Dragons Game,0x999e88075692bcee3dbc07e7e64cd32f39a1d3ab,ERC721,205238
PLR,PILLAR,0xe3818504c1b32bf1557b16c238b2e01fd3149c17,ERC20,205085
LAND,Decentraland LAND,0xf87e31492faf9a91b02ee0deaad50d51d56d5d4d,ERC20,204989
Yf-DAI,YfDAI.finance,0xf4cd3d3fda8d7fd6c5a500203e38640a70bf9577,ERC20,204461
BID,Bidao,0x25e1474170c4c0aa64fa98123bdc8db49d7802fa,ERC20,204424
NYBC,NYBCoin,0x041fe8df8b4aaa868941eb877952f17babe57da5,ERC20,204100
UST,UST (Wormhole),0xa693b19d2931d498c5b318df961919bb4aee87a5,ERC20,203866
QKC,QuarkChain Token,0xea26c4ac16d4a5a106820bc8aee85fd0b7b2b664,ERC20,203315
FTI,FTI,0x943ed852dadb5c3938ecdc6883718df8142de4c8,ERC20,203223
DGTX,DigitexFutures,0x1c83501478f1320977047008496dacbd60bb15ef,ERC20,202525
FDG,Future Digital Games,0xa1b19bcd50a24be0cb399c1ec0f7ca546b94a2b0,ERC20,201610
DUSK,DusktopiaNFT,0x81ece0e53af51cfb819c57dc24845e46b90b27fb,ERC20,201543
TORN,TornadoCash,0x77777feddddffc19ff86db637967013e6c6a116c,ERC20,200695
YFL,YFLink,0x28cb7e841ee97947a86b06fa4090c8451f64c0be,ERC20,199966
SHE,shinechain,0x9064c91e51d7021a85ad96817e1432abf6624470,ERC20,199721
MM,Million,0x6b4c7a5e3f0b99fcd83e9c089bddd6c7fce5c611,ERC20,199519
WRLD,NFT Worlds,0xd5d86fc8d5c0ea1ac1ac5dfab6e529c9967a45e9,ERC20,199474
IFOOD,Ifoods Token,0x81e74a3ea4bab2277aa3b941e9d9f37b08ac5374,ERC20,199434
BOBx,Free BOB Tokens ,0xd3ace836e47f7cf4948dffd8ca2937494c52580c,ERC20,198813
THETA,Theta Token,0x3883f5e181fccaf8410fa61e12b59bad963fb645,ERC20,198467
WAX,Wax Token,0x39bb259f66e1c59d5abef88375979b4d20d98022,ERC20,197691
FLOKI,FLOKI,0x43f11c02439e2736800433b4594994bd43cd066d,ERC20,197313
OCC1,olefincash,0x5c2c629feefcc07b338e97e39c73d2db33a85548,ERC20,196293
RAMP,RAMP DEFI,0x33d0568941c0c64ff7e0fb4fba0b11bd37deed9f,ERC20,196274
BOT,Bounce Token,0x5beabaebb3146685dd74176f68a0721f91297d37,ERC20,196069
BTE,BTEcoin,0xfd62247943f94c3910a4922af2c62c2d3fac2a8f,ERC20,195839
DST,DragonSeriesToken,0xc5807256e2e2fe85ca94c3617c4bc5ff2bd9cfb6,ERC20,194708
VRT,VRT CHAIN TOKEN,0x891f460176f180836f53b729ffb27cfcc7d74d71,ERC20,194672
ENG,Enigma,0xf0ee6b27b759c9893ce4f094b49ad28fd15a23e4,ERC20,194633
BFV,Betriebs Fuehrungs Vorfeldrechner,0xd2502768fb84b1e543daafcef5ccee39011b6cb4,ERC20,194001
XDCE,XinFin XDCE,0x41ab1b6fcbb2fa9dced81acbdec13ea6315f2bf2,ERC20,193617
OLE,Olive,0x9d9223436ddd466fc247e9dbbd20207e640fef58,ERC20,193527
TELE,MiracleTele,0xb363a3c584b1f379c79fbf09df015da5529d4dac,ERC20,193220
LYM,Lympo tokens,0x57ad67acf9bf015e4820fbd66ea1a21bed8852ec,ERC20,193196
QMQ,QMQCoin,0x4cc29dd2b01a3e0ed005c6e2deb5b3666e4c240c,ERC20,193184
MRO,Mero Currency,0x6ff313fb38d53d7a458860b1bf7512f54a03e968,ERC20,192785
COMC,Community Chain,0xa5e99ad202bdd71d3518306cf4dd163261981af1,ERC20,192735
EMCO,EmcoToken,0x9a07fd8a116b7e3be9e6185861496af7a2041460,ERC20,192534
HEGIC,Hegic,0x584bc13c7d411c00c01a62e8019472de68768430,ERC20,192460
CTSI,Cartesi Token,0x491604c0fdf08347dd1fa4ee062a822a5dd06b5d,ERC20,192447
KIMCHI,KIMCHI.finance,0x1e18821e69b9faa8e6e75dffe54e7e25754beda0,ERC20,191855
OEC,Our Earth Coin,0x31ed1bc96fa75ee33d513a0cef4b65c2500b320b,ERC20,191674
PTT,Proton Token,0x4689a4e169eb39cc9078c0940e21ff1aa8a39b9c,ERC20,191628
MAN,MATRIX AI Network,0xe25bcec5d3801ce3a794079bf94adf1b8ccd802d,ERC20,191435
LCX,LCX,0x037a54aab062628c9bbae1fdb1583c195585fe41,ERC20,191240
UOS,Ultra Token,0xd13c7342e1ef687c5ad21b27c2b65d772cab5c8c,ERC20,190271
LYXe,LUKSO Token,0xa8b919680258d369114910511cc87595aec0be6d,ERC20,190149
CNN,CNN Token,0x8713d26637cf49e1b6b4a7ce57106aabc9325343,ERC20,190051
SCH,Sachio,0xf34839b310097fcb4cf3a302dda8cc9b57501083,ERC20,189554
MRBLNFT,MARBLE-NFT,0x1d963688fe2209a98db35c67a041524822cf04ff,ERC721,188503
SFI,Spice,0xb753428af26e81097e7fd17f40c88aaa3e04902c,ERC20,188364
PHA,Phala,0x6c5ba91642f10282b576d91922ae6448c9d52f4e,ERC20,187941
BULLEON-X,Bulleon Promo Token,0x4f4d22ca77222ae3d51e308c9a8f0e564f98e77a,ERC20,187869
ELEC,ElectrifyAsia,0xd49ff13661451313ca1553fd6954bd1d9b6e02b9,ERC20,187833
INJ,Injective Token,0xe28b3b32b6c345a34ff64674606124dd5aceca30,ERC20,187640
RCT,realchain token,0x13f25cd52b21650caa8225c9942337d914c9b030,ERC20,187568
GTC,Gitcoin,0xde30da39c46104798bb5aa3fe8b9e0e1f348163f,ERC20,187546
PEAK,PEAKDEFI,0x630d98424efe0ea27fb1b3ab7741907dffeaad78,ERC20,186950
MKT2,MakersTokenV2,0x2a46f2ffd99e19a89476e2f62270e0a35bbf0756,ERC721,186942
VSP,VesperToken,0x1b40183efb4dd766f11bda7a7c3ad8982e998421,ERC20,186358
LINA,Linear Token,0x3e9bc21c9b189c09df3ef1b824798658d5011937,ERC20,185944
MGP,MangoChain,0x8a845fc339ceb022a695281554890429a34df120,ERC20,185815
SOS,SOS Token,0x7d3b3b1aef60bf891bc2ad3c202f791707f0645c,ERC20,185632
CELR,CelerToken,0x4f9254c83eb525f9fcf346490bbb3ed28a81c667,ERC20,184988
GEMC,GEMC,0x3b0b89bc54ecfc0c96ae8a99dc3ac54321b7162c,ERC20,184721
RDN,Raiden Token,0x255aa6df07540cb5d3d297f0d0d4d84cb52bc8e6,ERC20,184687
INS,INS Token,0x5b2e4a700dfbc560061e957edec8f6eeeb74a320,ERC20,184447
OPL,OmegaProtocol,0x3520ba6a529b2504a28eebda47d255db73966694,ERC20,184391
BTCG,BitcoinGalaxy,0xcde3ef6cacf84ad36d8a6eccc964f25351296d36,ERC20,184342
tBONE,tBone Staked Bone ShibaSwap,0xf7a0383750fef5abace57cc4c9ff98e3790202b3,ERC20,183888
ICE,IceToken,0xf16e81dce15b08f326220742020379b855b87df9,ERC20,183659
OCB,Ocbtoken - Blockmax,0x466912baa9430a4a460b141ee8c580d817441449,ERC20,183345
KYL,Kylin Network,0x67b6d479c7bb412c54e03dca8e1bc6740ce6b99c,ERC20,183015
SAKE,SakeToken,0x066798d9ef0833ccc719076dab77199ecbd178b0,ERC20,182771
PAI,PCHAIN,0xb9bb08ab7e9fa0a1356bd4a39ec0ca267e03b0b3,ERC20,181920
CSM,Consentium Coin,0xd8698a985b89650d0a70f99ad2909bd0c0b4b51c,ERC20,181384
CPTL,Capital Coin,0x115e29615d1c10c8ddf826e4faec64ef6c1e3357,ERC20,181043
PYRO,PYRO Network,0x14409b0fc5c7f87b5dad20754fe22d29a3de8217,ERC20,180953
SAITAMA,SAITAMA,0xce3f08e664693ca792cace4af1364d5e220827b2,ERC20,179301
GREEN,Green,0xb2089a7069861c8d90c8da3aacab8e9188c0c531,ERC20,178812
SDA,Six Domain Asset,0x4212fea9fec90236ecc51e41e2096b16ceb84555,ERC20,177929
KNC,Kyber Network Crystal v2,0xdefa4e8a7bcba345f687a2f1456f5edd9ce97202,ERC20,177527
WOR,World Robot,0xe963b0fa93f48c3be91871f8ab6452a446bca7e4,ERC20,177173
VXV,VectorspaceAI,0x7d29a64504629172a429e64183d6673b9dacbfce,ERC20,176957
FET,Fetch,0xaea46a60368a7bd060eec7df8cba43b7ef41ad85,ERC20,176914
EKT,EKT,0x4ecdb6385f3db3847f9c4a9bf3f9917bb27a5452,ERC20,176911
UCT,UnityChainToken,0x949bd9e6031a3d43623fec3f85e9adbf8a6d9f7a,ERC20,176467
NEAL,Coineal Token,0xacce88f5a63a5e65db9aa7303720be16b556e751,ERC20,176385
TOWN,TownCoin,0x3dd98c8a089dbcff7e8fc8d4f532bd493501ab7f,ERC20,176321
SPN,SPN Token,0x67bc56caad630dc1719b14a540adc8e9968325c3,ERC20,176258
LAND,Sandbox's LANDs,0x5cc5b05a8a13e3fbdb0bb9fccd98d38e50f90c38,ERC20,176177
EAGC,EthereumAlmightyGoldCoin,0xba08efcc14f24ef2c4f7a7e95c75d5f7970149dd,ERC20,176144
ENSA,Energy Saving Chain,0x4e1945d8a75092923f39d4e332d8f3cb0afaeb51,ERC20,175787
EMO,EMO tokens,0xd037a81b22e7f814bc6f87d50e5bd67d8c329fa2,ERC20,175674
QPY,QPay,0x6911270d4bc1915744aedd785d41d44f47245bd0,ERC20,175507
Drink,DrinkChain,0x0089659f609933d16a5cd6c2be1a5dca1abe24ad,ERC20,175234
CHSB,SwissBorg Token,0xba9d4199fab4f26efe3551d490e3821486f135ba,ERC20,174464
TRADE,Smart Trade Coin,0x40e45890dff79e7d533797d964e64a2c0121f49a,ERC20,173941
IDA,IDA,0x4b5bc97407898339eca79b541cee9b8b79ccda40,ERC20,173563
ZKS,Zks,0xe4815ae53b124e7263f08dcdbbb757d41ed658c6,ERC20,173541
ADX,AdEx,0x4470bb87d77b963a013db939be332f927f2b992e,ERC20,173481
https://safe.ad,HTTPS://SAFE.AD ,0x31a240648e2baf4f9f17225987f6f53fceb1699a,ERC20,172739
XBD,Bit Dinero,0xf1def7f0e620f39531eb352fe13da6825218e7df,ERC20,172686
OM,OM Token,0x2baecdf43734f22fd5c152db08e3c27233f0c7d2,ERC20,172331
CON,CONUN,0x4dd672e77c795844fe3a464ef8ef0faae617c8fb,ERC20,171978
AI,PolyAi,0x5121e348e897daef1eef23959ab290e5557cf274,ERC20,171964
FCS,Five Color Stone,0xd56c90a1b12c93bb48e9a0904a2a1e1d9dcb5161,ERC20,171683
WHACKD,Whackd,0xcf8335727b776d190f9d15a54e6b9b9348439eee,ERC20,171287
MPH,88mph.app,0x8888801af4d980682e47f1a9036e589479e835c5,ERC20,171181
BASE,Base Protocol,0x07150e919b4de5fd6a63de1f9384828396f25fdc,ERC20,170497
RAE,RAE Token,0xe5a3229ccb22b6484594973a03a3851dcd948756,ERC20,170439
QTC,Qitcoin,0x923c90b98ee834d118c85ddf44906ee1769df648,ERC20,170204
STQ,Storiqa Token,0x5c3a228510d246b78a3765c20221cbf3082b44a4,ERC20,170155
RGT,Rari Governance Token,0xd291e7a03283640fdc51b121ac401383a46cc623,ERC20,169965
UNI-V2,Uniswap V2,0x0d4a11d5eeaac28ec3f61d100daf4d40471f1852,ERC20,169958
CTN,Crypton,0x1a94fce7ef36bc90959e206ba569a12afbc91ca1,ERC20,169511
ASH,Burn,0x64d91f12ece7362f91a6f8e7940cd55f05060b92,ERC20,169493
ZRPG,Zora API Genesis Hackathon,0xd945f759d422ae30a6166838317b937de08380e3,ERC20,169466
SPI,Shopping.io,0x9b02dd390a603add5c07f9fd9175b7dabe8d63b7,ERC20,169318
CARDS,CARD.STARTER,0x3d6f0dea3ac3c607b3998e6ce14b6350721752d9,ERC20,168925
XAZ,AIzen,0xab22fd25ddbbb9c3d2c2ced0fd20e3f2bbb932bc,ERC223,168732
MEME,MEME,0xd5525d397898e5502075ea5e830d8914f6f0affe,ERC20,168589
PLA,PLA Token,0x5f5b176553e51171826d1a62e540bc30422c7717,ERC20,168374
WT,WBF Token,0x2b81f9668f4a5fdeba51b53a759de46fb59a5c91,ERC20,168304
eosDAC,eosDAC Community Owned EOS Block Producer ERC20 Tokens,0x7e9e431a0b8c4d532c745b1043c7fa29a48d4fba,ERC20,168084
PNK,Pinakion,0x93ed3fbe21207ec2e8f2d3c3de6e058cb73bc04d,ERC20,168052
OVR,OVR,0x21bfbda47a0b4b5b1248c767ee49f7caa9b23697,ERC20,167668
EDG,Edgeless,0x08711d3b02c8758f2fb3ab4e80228418a7f8e39c,ERC20,167583
PEW,BroFistCoin,0xa701122c1b67220a8b6883d03c8ad67896b12466,ERC20,167415
PXS,Pundi X Token,0x358d12436080a01a16f711014610f8a4c2c2d233,ERC20,167159
ETH2x-FLI,ETH 2x Flexible Leverage Index,0xaa6e8127831c9de45ae56bb1b0d4d4da6e5665bd,ERC20,167149
DUCK,DLP Duck Token,0xc0ba369c8db6eb3924965e5c4fd0b4c1b91e305f,ERC20,167099
TEL,Telcoin,0x85e076361cc813a908ff672f9bad1541474402b2,ERC20,167049
HER,HeroNodeToken,0x491c9a23db85623eed455a8efdd6aba9b911c5df,ERC20,166848
BDP,BDPToken,0xf3dcbc6d72a4e1892f7917b7c43b74131df8480e,ERC20,166742
FRONT,Frontier Token,0xf8c3527cc04340b208c854e985240c02f7b7793f,ERC20,166627
TVK,Terra Virtua Kolect,0xd084b83c305dafd76ae3e1b4e1f1fe2ecccb3988,ERC20,166317
ICN,ICONOMI,0x888666ca69e0f178ded6d75b5726cee99a87d698,ERC20,166050
Trister,Trister’s Light Coin,0x9d5155fbffd5bbb7555f13819a5b435b7befdcbe,ERC20,165970
PSTAKE,pSTAKE Finance,0xfb5c6815ca3ac72ce9f5006869ae67f18bf77006,ERC20,165802
GAS,Gas DAO,0x6bba316c48b49bd1eac44573c5c871ff02958469,ERC20,165414
METROBLOCK,Metroverse City Block,0x18e9d50c1a819f359503b26bc988580968a15b80,ERC20,165369
UENC,UniversalEnergyChain,0xb3dd5dce850dca7519e74a943568b69f958df52c,ERC20,165219
Mononoke-Inu,Mononoke Inu,0x4da08a1bff50be96bded5c7019227164b49c2bfc,ERC20,165197
XLAB,XCELTOKEN PLUS,0x8c4e7f814d40f8929f9112c5d09016f923d34472,ERC20,165152
TOPC,TopChainCoin,0x1b6c5864375b34af3ff5bd2e5f40bc425b4a8d79,ERC20,165137
POND,Marlin POND,0x57b946008913b82e4df85f501cbaed910e58d26c,ERC20,164965
XRT,Robonomics,0x7de91b204c1c737bcee6f000aaa6569cf7061cb7,ERC20,164814
RPL,Rocket Pool,0xb4efd85c19999d84251304bda99e90b92300bd93,ERC20,164591
eXRD,E-RADIX,0x6468e79a80c0eab0f9a2b574c8d5bc374af59414,ERC20,164508
CNNS,Crypto Neo-value Neural System,0x6c3be406174349cfa4501654313d97e6a31072e1,ERC20,164379
UICC,union raising chain,0xa39631972f19a8be52bd95455440d984f27e8f85,ERC20,164368
ORAI,Oraichain Token,0x4c11249814f11b9346808179cf06e71ac328c1b5,ERC20,164278
CHL,ChelleCoin,0x8b8e088c7ad40d70d0a8183a399c8f9c24b5c8d8,ERC20,164170
CHP,Poker Chips,0xf3db7560e820834658b590c96234c333cd3d5e5e,ERC20,163868
MASK,Mask Network,0x69af81e73a73b40adf4f3d4223cd9b1ece623074,ERC20,163764
WINGS,WINGS,0x667088b212ce3d06a1b553a7221e1fd19000d9af,ERC20,163754
AION,AION,0x4ceda7906a5ed2179785cd3a40a69ee8bc99c466,ERC20,163594
ATB,Allot Banknote,0x6c22dd71cde0af8a67e20db8c7f81d74daf48f7a,ERC20,163483
BUNNY,Rocket Bunny,0x3ea50b7ef6a7eaf7e966e2cb72b519c16557497c,ERC20,163404
OMTM,One Metric That Matters,0xfcca0c5ccd723baf6bf7f6678c8cfb49ce0042c7,ERC20,163104
YUN,Yun Planet,0x1f5cfb9a00b86bf9982970382bdb900b7744a559,ERC20,162814
CPT,Cryptaur,0x88d50b466be55222019d71f9e8fae17f5f45fca1,ERC20,162747
STX,Stox,0x006bea43baa3f7a6f765f14f10a1a1b08334ef45,ERC20,162556
MXC,MXCToken,0x5ca381bbfb58f0092df149bd3d243b08b9a8386e,ERC20,162554
BRD,Bread Token,0x558ec3152e2eb2174905cd19aea4e34a23de9ad6,ERC20,162406
AXS,Axie Infinity Shard,0xf5d669627376ebd411e34b98f19c868c8aba5ada,ERC20,162159
TRB,Tellor Tributes,0x88df592f8eb5d7bd38bfef7deb0fbc02cf3778a0,ERC20,162131
ABT,ArcBlock,0xb98d4c97425d9908e66e53a6fdf673acca0be986,ERC20,162051
SEDO,SEDO PoW Token,0x0f00f1696218eaefa2d2330df3d6d1f94813b38f,ERC20,161819
DGD,DGD,0xe0b7927c4af23765cb51314a0e0521a9645f0e2a,ERC20,161582
PEOPLE,ConstitutionDAO,0x7a58c0be72be218b41c608b7fe7c5bb630736c71,ERC20,161559
XB,XinBi Token,0xce43921b2fbf3c7f4cf47e28b8261e8e31bc6106,ERC20,161551
S3C,S3 COIN,0x2c702d98d4d7e2af742f071c2038565b1cc07bef,ERC20,161505
KCS,Kucoin Shares,0x039b5649a59967e3e936d7471f9c3700100ee1ab,ERC20,161238
LUNA 2.0 (lunav2.io),LUNA 2.0 (lunav2.io),0x471c3a7f132bc94938516cb2bf6f02c7521d2797,ERC20,161002
STC,StarChainToken,0x8f136cc8bef1fea4a7b71aa2301ff1a52f084384,ERC20,160712
UNI-V2,Uniswap V2,0xa478c2975ab1ea89e8196811f51a7b7ade33eb11,ERC20,160679
UBN,Ubricoin,0xdb13025b219db5e4529f48b65ff009a26b6ae733,ERC20,160649
BAS,BAS,0xa7ed29b253d8b4e3109ce07c80fc570f81b63696,ERC20,160491
BXA,BXA,0x98d8d146e644171cd47ff8588987b7bdeef72a87,ERC20,160300
ST,Simple Token,0x2c4e8f2d746113d0696ce89b35f0d8bf88e0aeca,ERC20,160142
ATRI,AtariToken,0xdacd69347de42babfaecd09dc88958378780fb62,ERC20,160136
POE,Po.et,0x0e0989b1f9b8a38983c2ba8053269ca62ec9b195,ERC20,160106
CSCNFT,CSCNFTFactory,0x4d3814d4da8083b41861dec2f45b4840e8b72d68,ERC721,159980
TRU,TrueFi,0x4c19596f5aaff459fa38b0f7ed92f11ae6543784,ERC20,159754
SKL,SKALE,0x00c83aecc790e8a4453e5dd3b0b4b3680501a7a7,ERC20,159407
PAID,PAID Network,0x1614f18fc94f47967a3fbe5ffcd46d4e7da3d787,ERC20,159295
GHST,Aavegotchi GHST Token,0x3f382dbd960e3a9bbceae22651e88158d2791550,ERC20,159098
FX,Function X,0x8c15ef5b4b21951d50e53e4fbda8298ffad25057,ERC20,159098
CS,CREDITS,0x46b9ad944d1059450da1163511069c718f699d31,ERC20,159025
akSwap.io,akSwap.io,0x82dfdb2ec1aa6003ed4acba663403d7c2127ff67,ERC20,158614
ECT,SuperEdge,0x4ccc3759eb48faf1c6cfadad2619e7038db6b212,ERC20,158437
LUC,LuckyChain,0x0c54f67490a1876ec8638ace22aad2d1ff9e245d,ERC20,158398
WISE,Wise Token,0x66a0f676479cee1d7373f3dc2e2952778bff5bd6,ERC20,158348
TTT,TTV,0x317572aabc73d59fc55f923750d1c51680fd28b4,ERC223,158144
QCX,QuickX Protocol,0xf9e5af7b42d31d51677c75bbbd37c1986ec79aee,ERC20,158044
PUNDIX,Pundi X Token,0x0fd10b9899882a6f2fcb5c371e17e70fdee00c38,ERC20,157938
CHEDDA,Chedda Token,0x16756ec1deb89a2106c35e0b586a799d0a61837d,ERC20,157578
EKT,EDUCare,0xbab165df9455aa0f2aed1f2565520b91ddadb4c8,ERC20,156999
LMM,Link Managenent Chain Token,0xe99ddae9181957e91b457e4c79a1b577e55a5742,ERC20,156959
FREE,Free Coin,0x2f141ce366a2462f02cea3d12cf93e4dca49e4fd,ERC20,156929
MC,Merit Circle,0x949d48eca67b17269629c7194f4b727d4ef9e5d6,ERC20,156796
HMC,Hms Token,0xaa0bb10cec1fa372eb3abc17c933fc6ba863dd9e,ERC20,156536
HEX2T,HEX2T,0xed1199093b1abd07a368dd1c0cdc77d8517ba2a0,ERC20,156401
DCC,Distributed Credit Chain,0xffa93aacf49297d51e211817452839052fdfb961,ERC20,156320
SDT,Stake DAO Token,0x73968b9a57c6e53d41345fd57a6e6ae27d6cdb2f,ERC20,156231
HPC,Hash Power Token,0x1a0c31837edb132a9312841b9527e6307db13509,ERC20,156205
CHAIN,Chain Games,0xc4c2614e694cf534d407ee49f8e44d125e4681c4,ERC20,156163
SWRV,Swerve DAO Token,0xb8baa0e4287890a5f79863ab62b7f175cecbd433,ERC20,155972
DOCK,DockToken,0xe5dada80aa6477e85d09747f2842f7993d0df71c,ERC20,155784
NKN,NKN,0x5cf04716ba20127f1e2297addcf4b5035000c9eb,ERC20,155642
IPM,IPMCOIN,0xe251524df2bc0b83716749dc71975f173a5ef35c,ERC20,155545
HD,HyperDragons,0x7fdcd2a1e52f10c28cb7732f46393e297ecadda1,ERC721,155047
GLM,Golem Network Token,0x7dd9c5cba05e151c895fde1cf355c9a1d5da6429,ERC20,154011
AQN,AQUANITE,0x55652ce84d686177c8946e8c78078c0d6cfa4b30,ERC20,153631
NAVI,NaviToken,0x588047365df5ba589f923604aac23d673555c623,ERC20,153500
IONC,IONChain Token,0xbc647aad10114b89564c0a7aabe542bd0cf2c5af,ERC20,153388
CS1,Crypto stamp Edition 1,0x7e789e2dd1340971de0a9bca35b14ac0939aa330,ERC20,153118
GOLDH,GoldHunter,0x66fca7555cd481545a5e66ba9a2bec1e256f98e7,ERC721,153029
CASH,Cash,0xd5524179cb7ae012f5b642c1d6d700bbaa76b96b,ERC20,152963
AIT,AIT,0x79650799e7899a802cb96c0bc33a6a8d4ce4936c,ERC20,152904
SOV,SoundMoneyCoin,0x010589b7c33034b802f7dba2c88cc9cec0f46673,ERC20,152785
EX,EXtereum,0xd1f1c5ff90fb6f3b0d57f5f6ad4aaf7400f4b39b,ERC20,152758
MCHE,MyCryptoHeroes:Extension,0xdceaf1652a131f32a821468dc03a92df0edd86ea,ERC721,152553
HBTC,Huobi BTC,0x0316eb71485b0ab14103307bf65a021042c6d380,ERC20,152457
MITH,Mithril Token,0x3893b9422cd5d70a81edeffe3d5a1c6a978310bb,ERC20,152287
CWV,CWV Chain,0xed494c9e2f8e34e53bdd0ea9b4d80305cb15c5c2,ERC20,151908
BIT,BitDAO,0x1a4b46696b2bb4794eb3d4c26f1c55f9170fa4c5,ERC20,151422
FRM,Ferrum Network Token,0xe5caef4af8780e59df925470b050fb23c43ca68c,ERC20,151287
SRK,SparkPoint,0x0488401c3f535193fa8df029d9ffe615a06e74e6,ERC20,150964
crvPlain3andSUSD,Curve.fi DAI/USDC/USDT/sUSD,0xc25a3a3b969415c80451098fa907ec722572917f,ERC20,150952
sla,sla,0xe71377e968354013f85c597f2ed888f33778cc65,ERC20,150810
DAC,Davinci coin,0xaad54c9f27b876d2538455dda69207279ff673a5,ERC20,150504
ARPA,ARPA Token,0xba50933c268f567bdc86e1ac131be072c6b0b71a,ERC20,150000
SLP,SushiSwap LP Token,0x795065dcc9f64b5614c407a6efdc400da6221fb0,ERC20,149914
MOON,MoonToken,0x68a3637ba6e75c0f66b61a42639c4e9fcd3d4824,ERC20,149747
UTK,UTRUST Token,0x70a72833d6bf7f508c8224ce59ea1ef3d0ea3a38,ERC20,149741
⚗️,Alchemist,0x88acdd2a6425c3faae4bc9650fd7e27e0bebb7ab,ERC20,149086
INE,IntelliShare Token,0x86e6a4f512b1290c043970b04e0b570d4fc98291,ERC20,149070
LINO,LinoToken,0xba51ff3802aa3170ce7ac7ac001831ca3eb6eeea,ERC20,149044
VOX,Vox.Finance,0x12d102f06da35cc0111eb58017fd2cd28537d0e1,ERC20,148779
aETH,Aave Interest bearing ETH,0x3a3a65aab0dd2a17e3f1947ba16138cd37d08c04,ERC20,148393
DPN,DIPNET,0xfb8bf095ebcdad57d2e37573a505e7d3bafdd3cc,ERC20,148265
MLOOT,More Loot,0x1dfe7ca09e99d10835bf73044a23b73fc20623df,ERC721,148226
BEZOGE,Bezoge Earth,0xdc349913d53b446485e98b76800b6254f43df695,ERC20,148141
TREK,TrekChain,0x0cfda67b0067f1a99deb1cb80e0273a3f26d317c,ERC20,148045
POK,Poker IO,0xbc8deee89f1cf4b661514185aa1ab780336c4c4a,ERC20,147986
EXTRA,ExTrade Cash,0x7a8f99fcaffb3d94f07ad30feade85e556205599,ERC20,147944
MTC,Medical Token Currency,0x905e337c6c8645263d3521205aa37bf4d034e745,ERC20,147815
EDS,Electronic Data Systems,0x1d4abd5e28ef311ea114fd4756fbcf9b7d568e1f,ERC20,147744
DT,Dusk Topia,0xea4d123d17b7ab200533388521ae005bfefd8e26,ERC20,147452
UNI-V2,Uniswap V2,0xc5be99a02c6857f9eac67bbce58df5572498f40c,ERC20,147336
SE,swift express,0x5581c0bc21a762e43d148b06d310f088b6cf97b3,ERC20,147295
UNI-V2,Uniswap V2,0xb4e16d0168e52d35cacd2c6185b44281ec28c9dc,ERC20,147251
MCHH,MyCryptoHeroes:Hero,0x273f7f8e6489682df756151f5525576e322d51a3,ERC721,147195
BP,Blvck Paris,0x6c475044bea380fb3cf93d0c9847a177fdd1c797,ERC721,147092
PCC,Practical Official,0xed6b0dc3aa8de5908ab857a70cb2ff657d9b6c5d,ERC20,147004
YAM,YAM,0x0e2298e3b3390e3b945a5456fbf59ecc3f55da16,ERC20,146774
SANSHU,Sanshu Inu,0xc73c167e7a4ba109e4052f70d5466d0c312a344d,ERC20,146305
AWC,Atomic Wallet Token,0xad22f63404f7305e4713ccbd4f296f34770513f4,ERC20,146249
REP,Reputation,0x48c80f1f4d53d5951e5d5438b54cba84f29f32a5,ERC20,146221
VEEN,Veen,0x54f0e3b0d7ccbb65e56d166350aa86f7e71ce20b,ERC20,146116
NGC,NAGA Coin,0x72dd4b6bd852a3aa172be4d6c5a6dbec588cf131,ERC20,146002
3DB,3D BlockChain Token,0x11016adcb85b65a0da8d8ddc3ade69dbad6bbca4,ERC20,145877
APY,APY Governance Token,0x95a4492f028aa1fd432ea71146b433e7b4446611,ERC20,145832
BTA,Blockchain To Application,0xd2bd6415db70a0f0b26c973b15b63bac74f5c9c6,ERC20,145736
ADC,Android chain,0x1e41a55030e0d0794abfb6dced22e6c7d18d8247,ERC20,145565
yDAI,iearn DAI,0x16de59092dae5ccf4a1e6439d611fd0653f0bd01,ERC20,145430
GLCH,Glitch,0x038a68ff68c393373ec894015816e33ad41bd564,ERC20,144819
ATCC,ATCCOIN,0xddaaf4a0702a03a4505f2352a1aba001ffc344be,ERC20,144637
P2T,P2 Token,0xba1f6c431cb148566c11ef9a3ca3d1fdc6a98ca0,ERC20,144572
SURF,SURF.Finance,0xea319e87cf06203dae107dd8e5672175e3ee976c,ERC20,144548
AIDOC,AI Doctor,0x584b44853680ee34a0f337b712a8f66d816df151,ERC20,144457
POCBGH,POC Big Gold Hammer,0xe474c6f011d3b0a9b63c2f85392c85f9bc4ef03f,ERC20,144349
Ly,Lilly Finance,0x8686525d6627a25c68de82c228448f43c97999f2,ERC20,144128
YLD,Yield,0xf94b5c5651c888d928439ab6514b93944eee6f48,ERC20,143895
NOE,NoteOfExchange,0xc55a13e36d93371a5b036a21d913a31cd2804ba4,ERC20,143815
GEGO,gego.dego,0x27b4bc90fbe56f02ef50f2e2f79d7813aa8941a7,ERC721,143712
CRE,Cybereits Token,0x61f33da40594cec1e3dc900faf99f861d01e2e7d,ERC20,143703
SOUL,CryptoSoul,0xbb1f24c0c1554b9990222f036b0aad6ee4caec29,ERC20,143582
UTK,Utrust Token,0xdc9ac3c20d1ed0b540df9b1fedc10039df13f99c,ERC20,143572
MRPH,Morpheus.Network,0x7b0c06043468469967dba22d1af33d77d44056c8,ERC20,143494
STO,STOCK,0x49a8adec52a92727f72b5ca8440b0c4379d171dc,ERC20,143081
OM,MANTRA DAO,0x3593d125a4f7849a1b059e64f4517a86dd60c95d,ERC20,143063
REPv2,Reputation,0x221657776846890989a759ba2973e427dff5c9bb,ERC20,142840
AUSD,AUSD,0x64cfc7428621b2b118896670c0b4d52ab020ee6a,ERC20,142634
BBC,B2BCoin,0xe7d3e4413e29ae35b0893140f4500965c74365e5,ERC20,142595
aDAI,Aave interest bearing DAI,0x028171bca77440897b824ca71d1c56cac55b68a3,ERC20,142296
RNT,OneRoot Network Token,0xff603f43946a3a28df5e6a73172555d8c8b02386,ERC20,142235
HOPE,HOPE,0x458c1987ba7cb7cd101cea17c4dfc0244ed7bd37,ERC20,142147
LYM,Lympo tokens,0xc690f7c7fcffa6a82b79fab7508c466fefdfc8c5,ERC20,141863
RADAR,DappRadar,0x44709a920fccf795fbc57baa433cc3dd53c44dbe,ERC20,141690
yUSDC,iearn USDC,0xd6ad7a6750a7593e092a9b218d66c0a814a3436e,ERC20,141685
EFI,Efinity Token,0x656c00e1bcd96f256f224ad9112ff426ef053733,ERC20,141511
WaBi,WaBi,0x286bda1413a2df81731d4930ce2f862a35a609fe,ERC20,141470
CCY,Chong Cao Yuan,0xa34d29cf8a06e8d05d22454cc33e5fbe7a3d3213,ERC20,141423
ICC,Intelligent Commerce Chain,0xedc502b12ced7e16ce21749e7161f9ed22bfca53,ERC20,141358
DNN,DNN,0x9d9832d1beb29cc949d75d61415fd00279f84dc2,ERC20,141285
SUB,Substratum,0x12480e24eb5bec1a9d4369cab6a80cad3c0a377a,ERC20,141242
KUMA,Kuma Inu,0x48c276e8d03813224bb1e55f953adb6d02fd3e02,ERC20,141113
LOOT156,Common Jade Box,0x6c170dc797014ea4e0900df58e4af67674ca54e8,ERC20,141077
CDT,CoinDash Token,0x177d39ac676ed1c67a2b268ad7f1e58826e5b0af,ERC20,141070
FLOKI,FLOKI,0xcf0c122c6b73ff809c693db761e7baebe62b6a2e,ERC20,141035
BFDT,BFDToken,0xd2d0f85b690604c245f61513bf4679b24ed64c35,ERC20,140882
CNCC,Complete New Commerce Chain,0xbe15c4ebb73a67ddd94b83b237d2bdde5a5079ba,ERC20,140744
YEE,Yee ,0x922105fad8153f516bcfb829f56dc097a0e1d705,ERC20,140726
IHT,I HOUSE TOKEN,0xeda8b016efa8b1161208cf041cd86972eee0f31e,ERC20,140428
EDC,EarnDefiCoin,0xae66bea480f7a6c91f07c58f2aee185883558fb8,ERC20,139972
BEAUTY,Beauty Coin,0xa7d81c86f9934b56dd00fa826c319330d628d31f,ERC20,139917
LOC,LockChain,0x5e3346444010135322268a4630d2ed5f8d09446c,ERC20,139607
LBK,lifebanK,0xf849c59fb20aa98d8a93b16f77c4e39b0ac51d5a,ERC20,139590
ANT,Aragon Network Token,0xa117000000f279d81a1d3cc75430faa017fa5a2e,ERC20,139321
MDT,Measurable Data Token,0x814e0908b12a99fecf5bc101bb5d0b8b5cdf7d26,ERC20,138915
CNMC,CNMC,0x8a3e08353e3c64d9fa5683bb5e2fbbf8aef7e7e9,ERC20,138242
WPKG,WorldPoker.Game Token,0xa0c81655e84c31c4c5bd86d7f927f8cbe3c8a806,ERC20,138208
ACH,Alchemy,0xed04915c23f00a313a544955524eb7dbd823143d,ERC20,137974
SASHIMI,SashimiToken,0xc28e27870558cf22add83540d2126da2e4b464c2,ERC20,137695
GTC,Game.com Token,0xb70835d7822ebb9426b56543e391846c107bd32c,ERC20,137402
CVT,CyberVeinToken,0xbe428c3867f05dea2a89fc76a102b544eac7f772,ERC20,136823
DRC,Dracula Token,0xb78b3320493a4efaa1028130c5ba26f0b6085ef8,ERC20,136636
GENE,GeneToken,0xf6ec87dfe1ed3a7256cc0c38e3c8139103e9af3b,ERC20,136051
MP,MegaPark,0xc654ea8816d410349c40b62d2665d450e7c225ed,ERC20,136017
GSC,Global Social Chain,0x228ba514309ffdf03a81a205a6d040e429d6e80c,ERC20,135949
SGCC,SGCC,0xec985525f3f22c7fa9c9ff4a49e37589a76d86d4,ERC20,135920
SHT, ShineLayer2Token,0xf73b1f84e0c16cd56b0fad03295213a3098de0de,ERC20,135668
XRUNE,XRUNE Token,0x69fa0fee221ad11012bab0fdb45d444d3d2ce71c,ERC20,135634
Shiryo-Inu,Shiryo-Inu,0x1e2f15302b90edde696593607b6bd444b64e8f02,ERC20,135537
steCRV,Curve.fi ETH/stETH,0x06325440d014e39736583c165c2963ba99faf14e,ERC20,135513
SVT,Servant,0xf915bbfbb6c097dc327e64eec55e9ef4d110d627,ERC20,135174
HAC,HadesCoin,0x7ed172530f9822cd0573b895853e3f745f4108b4,ERC20,135101
FAIR,Fair Token,0x9b20dabcec77f6289113e61893f7beefaeb1990a,ERC20,134811
aUSDT,Aave interest bearing USDT,0x3ed3b47dd13ec9a98b44e6204a523e766b225811,ERC20,133710
JRT,Jarvis Reward Token,0x8a9c67fee641579deba04928c4bc45f66e26343a,ERC20,133692
NOIA,NOIA Token,0xa8c8cfb141a3bb59fea1e2ea6b79b5ecbcd7b6ca,ERC20,133358
ARMOR,Armor,0x1337def16f9b486faed0293eb623dc8395dfe46a,ERC20,133346
SOLVE,Healthcare Administration Token,0x446c9033e7516d820cc9a2ce2d0b7328b579406f,ERC20,133271
MFA,MFA Coin,0x64baf35b4e74d3cfa332b05b811fd86ef8b0aa57,ERC20,133220
EMONT,EtheremonToken,0x95daaab98046846bf4b2853e23cba236fa394a31,ERC20,133021
ERC20,ERC20,0xc3761eb917cd790b30dad99f6cc5b4ff93c4f9ea,ERC20,133007
-,-,-,-,132891
SNM,SONM Token,0x983f6d60db79ea8ca4eb9968c6aff8cfa04b3c63,ERC20,132497
WXB,WUXINGBI,0x572328202d37b031b490f6659d8549e7bd712324,ERC20,132453
aLINK,Aave Interest bearing LINK,0xa64bd6c70cb9051f6a9ba1f163fdc07e0dfb5f84,ERC20,132392
HAKKA,Hakka Finance,0x0e29e5abbb5fd88e28b2d355774e73bd47de3bcd,ERC20,131664
BCHC,BCHC,0x2ab05b915c30093679165bcdba9c26d8cd8bee99,ERC20,131618
PIN,Poolin Miner Token,0x005275450e77bfa6bcbd04d85175d5d0f2dfae43,ERC20,131392
ZERO,Zero.Exchange Token,0xf0939011a9bb95c3b791f0cb546377ed2693a574,ERC20,131318
LGR,Logarithm,0x2eb86e8fc520e0f6bb5d9af08f924fe70558ab89,ERC20,131093
STPT,STPT,0xde7d85157d9714eadf595045cc12ca4a5f3e2adb,ERC20,130988
DAO,TheDAO,0xbb9bc244d798123fde783fcc1c72d3bb8c189413,ERC20,130889
aDAI,Aave Interest bearing DAI,0xfc1e690f61efd961294b3e1ce3313fbd8aa4f85d,ERC20,130857
SYN,Synapse,0x0f2d719407fdbeff09d87557abb7232601fd9f29,ERC20,130601
TNB,Time New Bank,0xf7920b0768ecb20a123fac32311d07d193381d6f,ERC20,129710
LOOT032,Gift Bag,0x9648915f9a4b6778c3d3716bc084f0a44e4cba48,ERC20,129619
RFOX,RFOX,0xa1d6df714f91debf4e0802a542e13067f31b8262,ERC20,129570
SDFT,SDF Token,0xab85d25a50183fa56a5a98f644aa3a0ec9024bb9,ERC20,129465
BDG,BitDegree Token,0x1961b3331969ed52770751fc718ef530838b6dee,ERC20,129440
EDD,eddbit,0x32776933663b27ebcda98b07c4958ec74c0bafb1,ERC20,129369
ALPA,AlpaToken,0x7ca4408137eb639570f8e647d9bd7b7e8717514a,ERC20,128996
PPAY,Plasma,0x054d64b73d3d8a21af3d764efd76bcaa774f3bb2,ERC20,128975
ARP,ARP,0xbeb6fdf4ef6ceb975157be43cbe0047b248a8922,ERC20,128901
MNE,minereum,0x1a95b271b0535d15fa49932daba31ba612b52946,ERC20,128482
QASH,QASH,0x618e75ac90b12c6049ba3b27f5d5f8651b0037f6,ERC20,128312
OCC,OCC,0x2f109021afe75b949429fe30523ee7c0d5b27207,ERC20,128022
CELL,Cellframe Token,0x26c8afbbfe1ebaca03c2bb082e69d0476bffe099,ERC20,127905
TXT,Tune Trade Token,0xa57a2ad52ad6b1995f215b12fc037bffd990bc5e,ERC20,127804
CIT,CariNet Token,0xc54083e77f913a4f99e1232ae80c318ff03c9d17,ERC20,127801
VIO,Vio,0x94ffb55ce68231c5966ea8dab16a8f066846513f,ERC20,127601
SLP,SushiSwap LP Token,0xc3f279090a47e80990fe3a9c30d24cb117ef91a8,ERC20,127309
DEC,Decentr,0x30f271c9e86d2b7d00a6376cd96a1cfbd5f0b9b3,ERC20,127195
DBB,Document bill bit,0x976010db5538f0c1daf9f3855b8504721a23e5d4,ERC20,126860
LLT,LLToken,0x6d5cac36c1ae39f41d52393b7a425d0a610ad9f2,ERC20,126769
AZUKI,DokiDokiAzuki,0x910524678c0b1b23ffb9285a81f99c29c11cbaed,ERC20,126352
LIB,TheLibertyCoin,0x1d462811562cc3675375a6d00c1618a370c27836,ERC20,126346
HDAO,HyperDao,0x74faab6986560fd1140508e4266d8a7b87274ffd,ERC20,126327
SIDUS,SIDUS,0x549020a9cb845220d66d3e9c6d9f9ef61c981102,ERC20,126312
VGS,VGAMES,0x4c9d5672ae33522240532206ab45508116daf263,ERC20,125766
LABS,LABS Group,0x8b0e42f366ba502d787bb134478adfae966c8798,ERC20,125398
OPEN,OPEN,0x69c4bb240cf05d51eeab6985bab35527d04a8c64,ERC20,125318
MRI,Marshall Rogan Inu,0x0913ddae242839f8995c0375493f9a1a3bddc977,ERC20,125075
AUG,AUG Coin,0xb4e9f4a0f5d91ea9ea612b5ada9b4c0904a96de0,ERC20,124874
BZZ,BZZ,0x19062190b1925b5b6689d7073fdfc8c2976ef8cb,ERC20,124702
SUM,SUM,0x043c308bb8a5ae96d0093444be7f56459f1340b1,ERC20,124380
INK,INK token,0xf4c90e18727c5c76499ea6369c856a6d61d3e92e,ERC20,124283
SNTVT,Sentivate,0x7865af71cf0b288b4e7f654f4f7851eb46a2b7f8,ERC20,123899
SHROOM,shroom.finance,0xed0439eacf4c4965ae4613d77a5c2efe10e5f183,ERC20,123656
UFT,UniLend Finance Token,0x0202be363b8a4820f3f4de7faf5224ff05943ab1,ERC20,123543
BEAUTY,Beauty Coin,0x0fb52add090338dda73bdb421d8ada0da57126ac,ERC20,123464
eMax,EthereumMax,0xa3e059c0b01f07f211c85bf7b4f1d907afb011df,ERC20,123374
ITC,IOT on Chain,0x5e6b6d9abad9093fdc861ea1600eba1b355cd940,ERC20,123238
LT,Loctite Assets Token,0x48f3726c787bdc36bb00c978e701879ceed185a4,ERC20,123151
RFuel,Rio Fuel Token,0xaf9f549774ecedbd0966c52f250acc548d3f36e5,ERC20,123057
WHOLE,Wormhole.Finance,0xe6179bb571d2d69837be731da88c76e377ec4738,ERC20,123036
CAN,CanYaCoin,0x1d462414fe14cf489c7a21cac78509f4bf8cd7c0,ERC20,122837
anyUSDC,USDC,0x7ea2be2df7ba6e54b1a9c70676f668455e329d29,ERC20,122694
SHIT,ShitCoin,0x4e4a47cac6a28a62dcc20990ed2cda9bc659469f,ERC20,122682
CGG,ChainGuardians Governance Token,0x1fe24f25b1cf609b9c4e7e12d802e3640dfa5e43,ERC223,122647
CEEK,CEEK,0xb056c38f6b7dc4064367403e26424cd2c60655e1,ERC20,122369
ZCN,0chain,0xb9ef770b6a5e12e45983c5d80545258aa38f3b78,ERC20,122201
EVX,Everex,0xf3db5fa2c66b7af3eb0c0b782510816cbe4813b8,ERC20,122182
ONX,OnX.finance,0xe0ad1806fd3e7edf6ff52fdb822432e847411033,ERC20,121970
ECO,Ecotars,0x60b74dea92950b9f6564b2c5a7d20482f20f6dc1,ERC20,121815
GODS,Gods Unchained,0xccc8cb5229b0ac8069c51fd58367fd1e622afd97,ERC20,121710
CANDY,CANDY,0xf2eab3a2034d3f6b63734d2e08262040e3ff7b48,ERC20,121566
DEXT,DEXTools,0x26ce25148832c04f3d7f26f32478a9fe55197166,ERC20,121373
INT,Internet Node Token,0x0b76544f6c413a555f309bf76260d1e02377c02a,ERC20,121324
EES,Super Energy,0x626a14ec8bb0d92692ef704f19968c20727dede1,ERC20,121153
UTO,UTour,0x1a8f615f0dd39b9de8ad26db89cfa76f7c9d0274,ERC20,120700
EWTB,Energy Web Token Bridged,0x178c820f862b14f316509ec36b13123da19a6054,ERC223,120615
yUSDT,iearn USDT,0x83f798e925bcd4017eb265844fddabb448f1707d,ERC20,120590
POLC,Polka City,0xaa8330fb2b4d5d07abfe7a72262752a8505c6b37,ERC20,120430
ASTA,ASTA,0xf2ddae89449b7d26309a5d54614b1fc99c608af5,ERC20,120264
WAR,WAR Token,0xda9c03dfd4d137f926c3cf6953cb951832eb08b2,ERC721,120204
GMB,GMB,0xa0008f510fe9ee696e7e320c9e5cbf61e27791ee,ERC20,120060
BGR,Bitgram,0xd6df5935cd03a768b7b9e92637a01b25e24cb709,ERC20,120027
UBX,Ubank & X Infinity holding,0xb1dc1ca4e8d5bb705c4664c1555f7c9119ae6008,ERC20,119998
CGK,C,0xd515cfbe2c848bc9daa5460dae52425bff54e4c0,ERC20,119971
BORA,BORA,0x26fb86579e371c7aedc461b2ddef0a8628c93d3b,ERC20,119873
LID,Liquidity Dividends Protocol,0x0417912b3a7af768051765040a55bb0925d4ddcf,ERC20,119761
VIB,Vibe,0x2c974b2d0ba1716e644c1fc59982a89ddd2ff724,ERC20,119341
SKM,Skrumble Token,0xd99b8a7fa48e25cce83b81812220a3e03bf64e5f,ERC20,119216
DIGG,Digg,0x798d1be841a82a273720ce31c822c61a67a601c3,ERC20,119044
UMB,Umbrella,0x6fc13eace26590b80cccab1ba5d51890577d83b2,ERC20,118977
ALTCOIN,AltCoins,0x1ffe11b9fb7f6ff1b153ab8608cf403ecaf9d44a,ERC721,118911
N0001,NToken0001,0x1f832091faf289ed4f50fe7418cfbd2611225d46,ERC20,118853
CVNT,CVNToken,0x6400b5522f8d448c0803e6245436dd1c81df09ce,ERC20,118827
WFEE,WFee,0xa37adde3ba20a396338364e2ddb5e0897d11a91d,ERC20,118773
SSLP,ShibaSwap LP Token,0xcf6daab95c476106eca715d48de4b13287ffdeaa,ERC20,118685
BOC,BingoCoin,0x4b317864a05c91225ab8f401ec7be0aeb87e9c12,ERC20,118682
MEET.ONE,MEET.ONE,0x49e033122c8300a6d5091acf667494466ee4a9d2,ERC20,118635
WOZX,EFFORCE IEO,0x34950ff2b487d9e5282c5ab342d08a2f712eb79f,ERC20,118528
ETU,Ether Universe,0x765b0aaef0ecac2bf23065f559e5ca3b81067993,ERC20,118297
NT,NMax Token,0x41958d44a780696a2f18b7ac3585eae9bbbf0799,ERC20,118253
R,R token,0x48f775efbe4f5ece6e0df2f7b5932df56823b990,ERC20,118203
HYDRO,Hydro,0xebbdf302c940c6bfd49c6b165f457fdb324649bc,ERC20,118119
BMJ,BMJ Master Nodes,0x5913d0f34615923552ee913dbe809f9f348e706e,ERC20,118029
yyDAI+yUSDC+yUSDT+yTUSD,yearn Curve.fi yDAI/yUSDC/yUSDT/yTUSD,0x5dbcf33d8c2e976c6b560249878e6f1491bca25c,ERC20,117952
SEC,SEC,0xc6689eb9a6d724b8d7b1d923ffd65b7005da1b62,ERC20,117924
Coval,CircuitsOfValue,0x3d658390460295fb963f54dc0899cfb1c30776df,ERC20,117884
NXM,NXM,0xd7c49cee7e9188cca6ad8ff264c1da2e69d4cf3b,ERC20,117797
TRADE,UniTrade,0x6f87d756daf0503d08eb8993686c7fc01dc44fb1,ERC20,117610
STG,StargateToken,0xaf5191b0de278c7286d6c7cc6ab6bb8a73ba2cd6,ERC20,117604
REV,Revain,0x2ef52ed7de8c5ce03a4ef0efbe9b7450f2d7edc9,ERC20,117576
AZ,Azbit,0xeccab39acb2caf9adba72c1cb92fdc106b993e0b,ERC20,117421
LBCC,Loong Money,0xaf45628ea7e0c3ffe645e7e41b0fa580d53cdd87,ERC20,117249
SWFTC,SwftCoin,0x0bb217e40f8a5cb79adf04e1aab60e5abd0dfc1e,ERC20,117192
MINI,MINISWAP,0x4d953cf077c0c95ba090226e59a18fcf97db44ec,ERC20,117127
-,-,-,-,117108
AUTU,AUTonioUnited States Dollar,0x829aa8e3455d0d6f18ed46121a64268ca0782465,ERC20,116852
CENNZ,Centrality Token,0x1122b6a0e00dce0563082b6e2953f3a943855c1f,ERC20,116802
OKB,OKB,0x75231f58b43240c9718dd58b4967c5114342a86c,ERC20,116800
bBADGER,Badger Sett Badger,0x19d97d8fa813ee2f51ad4b4e04ea08baf4dffc28,ERC20,116784
TKN,Monolith TKN,0xaaaf91d9b90df800df4f55c205fd6989c977e73a,ERC20,116779
RHC,Rich Human Crypto,0x435d4183ae0aeb1babc31bd25a815d6244fc3562,ERC20,116498
PLBT,Polybius Token,0x0affa06e7fbe5bc9a764c979aa66e8256a631f02,ERC20,116463
KEY,SelfKey,0x4cc19356f2d37338b9802aa8e8fc58b0373296e7,ERC20,116293
FNKOS,FNKOSToken,0xeb021dd3e42dc6fdb6cde54d0c4a09f82a6bca29,ERC20,116262
SNP,SNP Token,0x795dbf627484f8248d3d6c09c309825c1563e873,ERC20,116239
CRYPTOPUNK,Flipped Punks,0x7dafe71db8cf7edb682e762529c8af78fed569c5,ERC20,116057
PLU,Pluton,0xd8912c10681d8b21fd3742244f44658dba12264e,ERC20,115895
INV,Inverse DAO,0x41d5d79431a913c4ae7d69a668ecdfe5ff9dfb68,ERC20,115858
ETHS,Ethercash（以太现金）,0xa2dca1505b07e39f96ce41e875b447f46d50c6fc,ERC20,115847
LAYER,Unilayer,0x0ff6ffcfda92c53f615a4a75d982f399c989366b,ERC20,115825
AGIX,SingularityNET Token,0x5b7533812759b45c2b44c19e320ba2cd2681b542,ERC20,115820
sETH,Synth sETH,0x5e74c9036fb86bd7ecdcb084a0673efc32ea31cb,ERC20,115800
DOODLE,Flipped Doodles,0xaa74955674127e98e6ce30f65b676f18c5176f7b,ERC20,115709
RARE,SuperRare,0xba5bde662c17e2adff1075610382b9b691296350,ERC20,115534
DOS,DOS Network Token,0x0a913bead80f321e7ac35285ee10d9d922659cb7,ERC20,115525
LTO,LTO Network Token,0x3db6ba6ab6f95efed1a6e794cad492faaabf294d,ERC20,115512
SEAL,SEALToken,0x07bf5f95851ef2b2996f192569e406a6fea2a95a,ERC20,115289
DSD,Dynamic Set Dollar,0xbd2f0cd039e0bfcf88901c98c0bfac5ab27566e3,ERC20,115271
EDEN,Eden,0x1559fa1b8f28238fd5d76d9f434ad86fd20d1559,ERC20,115211
AGLD,Adventure Gold,0x32353a6c91143bfd6c7d363b546e62a9a2489a20,ERC20,115210
BKC,Bankcoin Cash,0xc88be04c809856b75e3dfe19eb4dcf0a3b15317a,ERC20,115159
WILD,Wilder,0x2a3bff78b79a009976eea096a51a948a3dc00e34,ERC20,115034
CAW,A Hunters Dream,0xf3b9569f82b18aef890de263b84189bd33ebe452,ERC20,114997
W0xETH,Wrapped 0xEthereum Token,0x716523231368d43bdfe1f06afe1c62930731ab13,ERC20,114812
TACO,TacoToken,0x41c028a4c1f461ebfc3af91619b240004ebad216,ERC20,114767
APPU,Apputoken,0x1bb877351a0c5985a53fb7ca3c38a2d5871dcc71,ERC20,114690
SDAO,Singularity Dao,0x993864e43caa7f7f12953ad6feb1d1ca635b875f,ERC20,114635
MOONDAY,moonday.finance,0x1ad606adde97c0c28bd6ac85554176bc55783c01,ERC20,114599
ETE,Eternal Token,0xbff7021e82f14aa8156c7f90ec8c339e1e2be31b,ERC20,114568
YKC,Yun Kai Coin,0xd204616e2ecf6d0b27ee79207c4ba54f91182a9d,ERC20,114361
CREDO,Credo Token,0x4e0603e2a27a30480e5e3a4fe548e29ef12f64be,ERC20,114359
WIC,WaykiCoin,0x4f878c0852722b0976a955d68b376e4cd4ae99e5,ERC20,114014
IFPC,IFP COIN,0xc4ec4c9183bd585220f7495b54cfeb577f7e1efb,ERC20,114000
DOKI,DokiDokiFinance,0x9ceb84f92a0561fa3cc4132ab9c0b76a59787544,ERC20,113953
WZI,Wizzle Infinity Token,0xb8327f32127afe37a544c52b628653e222a93bad,ERC20,113776
CFi,CyberFi Token,0x63b4f3e3fa4e438698ce330e365e831f7ccd1ef4,ERC20,113633
DPR,Deeper Network,0xf3ae5d769e153ef72b4e3591ac004e89f48107a1,ERC20,113629
WTE,WITEE,0xb53ac311087965d9e085515efbe1380b2ca4de9a,ERC20,113580
BIM,BIMToken,0x329319ebe02eac3de77a9aa379d620ba653b2136,ERC20,113318
OCEAN,OceanToken,0x985dd3d42de1e256d09e1c10f112bccb8015ad41,ERC20,113278
MET,Metroverse,0x1ffe8a8177d3c261600a8bd8080d424d64b7fbc2,ERC20,113223
SCC,StockChain Coin,0x355a458d555151d3b27f94227960ade1504e526a,ERC20,113218
VBT,VBT Token,0x1ffe24629f1b3df74fc0f6e5d086f2fd09258ff2,ERC20,113148
AURA,Aurora DAO,0xcdcfc0f66c522fd086a1b725ea3c0eeb9f9e8814,ERC20,113134
RAI,Rai Reflex Index,0x03ab458634910aad20ef5f1c8ee96f1d6ac54919,ERC20,113010
XED,Exeedme,0xee573a945b01b788b9287ce062a0cfc15be9fd86,ERC20,112940
GABA,Global Alliance of Cultural and Art Block Chains,0xc6cc22f88edae6667763f7745d4ecd297d535540,ERC20,112892
IDLE,Idle,0x875773784af8135ea0ef43b5a374aad105c5d39e,ERC20,112637
TIKTOK,TIKTOK COIN,0xf4eda77f0b455a12f3eb44f8653835f377e36b76,ERC20,112626
BCAC,BCAChain Initial Token,0x1abdb309aa592f00a101c545168bfdf9a6ec61ce,ERC20,112621
BMI,Bridge Mutual,0x725c263e32c72ddc3a19bea12c5a0479a81ee688,ERC20,112526
nUSD,nUSD,0x1b84765de8b7566e4ceaf4d0fd3c5af52d3dde4f,ERC20,112385
Drink,DrinkChain,0xb8105b0d4a9ae55658b418065fea4282a8d2e968,ERC20,112335
KLEE,Klee Kai,0x382f0160c24f5c515a19f155bac14d479433a407,ERC20,112333
ECH,EtherEcash,0xc8ffd394421e09cb48b620dda56168171ca35ab7,ERC20,112299
